/*
SQLyog Ultimate v11.5 (64 bit)
MySQL - 5.6.21 : Database - magnet
*********************************************************************
*/

/*!40101 SET NAMES utf8 */;

/*!40101 SET SQL_MODE=''*/;

/*!40014 SET @OLD_UNIQUE_CHECKS=@@UNIQUE_CHECKS, UNIQUE_CHECKS=0 */;
/*!40014 SET @OLD_FOREIGN_KEY_CHECKS=@@FOREIGN_KEY_CHECKS, FOREIGN_KEY_CHECKS=0 */;
/*!40101 SET @OLD_SQL_MODE=@@SQL_MODE, SQL_MODE='NO_AUTO_VALUE_ON_ZERO' */;
/*!40111 SET @OLD_SQL_NOTES=@@SQL_NOTES, SQL_NOTES=0 */;
/*Table structure for table `categories` */

DROP TABLE IF EXISTS `categories`;

CREATE TABLE `categories` (
  `id` smallint(5) unsigned NOT NULL AUTO_INCREMENT,
  `name` varchar(200) DEFAULT NULL,
  PRIMARY KEY (`id`)
) ENGINE=InnoDB AUTO_INCREMENT=6 DEFAULT CHARSET=utf8;

/*Data for the table `categories` */

insert  into `categories`(`id`,`name`) values (1,'Ресторанти'),(2,'Барове'),(3,'Автосервизи'),(4,'Хранителни стоки'),(5,'Фризьорски услуги');

/*Table structure for table `cities` */

DROP TABLE IF EXISTS `cities`;

CREATE TABLE `cities` (
  `id` smallint(5) unsigned NOT NULL AUTO_INCREMENT,
  `name` varchar(600) DEFAULT NULL,
  `community_id` int(11) DEFAULT NULL,
  PRIMARY KEY (`id`)
) ENGINE=InnoDB AUTO_INCREMENT=9402 DEFAULT CHARSET=utf8;

/*Data for the table `cities` */

insert  into `cities`(`id`,`name`,`community_id`) values (4824,'гр. Банско',539),(4825,'с. Гостун',539),(4826,'гр. Добринище',539),(4827,'с. Кремен',539),(4828,'с. Места',539),(4829,'с. Обидим',539),(4830,'с. Осеново',567),(4831,'с. Филипово',539),(4832,'с. Бабяк',540),(4833,'гр. Белица',540),(4834,'с. Горно Краище',540),(4835,'с. Гълъбово',540),(4836,'с. Дагоново',540),(4837,'с. Златарица',540),(4838,'с. Краище',540),(4839,'с. Кузьово',540),(4840,'с. Лютово',540),(4841,'с. Орцево',540),(4842,'с. Палатик',540),(4843,'с. Черешово',540),(4844,'с. Бело поле',541),(4845,'с. Бистрица',541),(4846,'гр. Благоевград',541),(4847,'с. Бучино',541),(4848,'с. Българчево',541),(4849,'с. Габрово',541),(4850,'с. Горно Хърсово',541),(4851,'с. Дебочица',541),(4852,'с. Делвино',541),(4853,'с. Дренково',541),(4854,'с. Дъбрава',541),(4855,'с. Еленово',541),(4856,'с. Зелендол',541),(4857,'с. Изгрев',577),(4858,'с. Клисура',541),(4859,'с. Лешко',541),(4860,'с. Лисия',541),(4861,'с. Логодаж',541),(4862,'с. Марулево',541),(4863,'с. Мощанец',541),(4864,'с. Обел',541),(4865,'с. Падеш',541),(4866,'с. Покровник',541),(4867,'с. Рилци',541),(4868,'с. Селище',541),(4869,'с. Церово',541),(4870,'с. Баничан',542),(4871,'с. Борово',542),(4872,'с. Брезница',542),(4873,'с. Буково',542),(4874,'с. Господинци',542),(4875,'гр. Гоце Делчев',542),(4876,'с. Делчево',542),(4877,'с. Добротино',542),(4878,'с. Корница',542),(4879,'с. Лъжница',542),(4880,'с. Мусомища',542),(4881,'с. Попови ливади',542),(4882,'с. Балдево',543),(4883,'с. Горно Дряново',543),(4884,'с. Гърмен',543),(4885,'с. Дебрен',543),(4886,'с. Долно Дряново',543),(4887,'с. Дъбница',543),(4888,'с. Ковачевица',543),(4889,'с. Крушево',543),(4890,'с. Лещен',543),(4891,'с. Марчево',543),(4892,'с. Огняново',543),(4893,'с. Ореше',543),(4894,'с. Осиково',543),(4895,'с. Рибново',543),(4896,'с. Скребатно',543),(4897,'с. Хвостяне',543),(4898,'с. Будилци',544),(4899,'с. Влахи',544),(4900,'с. Горна Брезница',544),(4901,'с. Долна Градешница',544),(4902,'гр. Кресна',544),(4903,'с. Ощава',544),(4904,'с. Сливница',544),(4905,'с. Стара Кресна',544),(4906,'с. Баскалци',545),(4907,'с. Беласица',545),(4908,'с. Богородица',545),(4909,'с. Боровичене',545),(4910,'с. Вишлене',545),(4911,'с. Волно',545),(4912,'с. Габрене',545),(4913,'с. Гега',545),(4914,'с. Генерал Тодоров',545),(4915,'с. Горчево',545),(4916,'с. Гюргево',545),(4917,'с. Долене',545),(4918,'с. Долна Крушица',545),(4919,'с. Долна Рибница',545),(4920,'с. Долно Спанчево',545),(4921,'с. Драгуш',545),(4922,'с. Дрангово',545),(4923,'с. Дреновица',545),(4924,'с. Дреново',545),(4925,'с. Занога',545),(4926,'с. Зойчене',545),(4927,'с. Иваново',545),(4928,'с. Кавракирово',545),(4929,'с. Камена',545),(4930,'с. Капатово',545),(4931,'с. Кладенци',545),(4932,'с. Ключ',545),(4933,'с. Коларово',545),(4934,'с. Кромидово',545),(4935,'с. Крънджилица',545),(4936,'с. Кукурахцево',545),(4937,'с. Кулата',545),(4938,'с. Кърналово',545),(4939,'с. Марикостиново',545),(4940,'с. Марино поле',545),(4941,'с. Мендово',545),(4942,'с. Митино',545),(4943,'с. Михнево',545),(4944,'с. Ново Кономлади',545),(4945,'гр. Петрич',545),(4946,'с. Право бърдо',545),(4947,'с. Първомай',545),(4948,'с. Рибник',545),(4949,'с. Рупите',545),(4950,'с. Ръждак',545),(4951,'с. Самуилова крепост',545),(4952,'с. Самуилово',545),(4953,'с. Скрът',545),(4954,'с. Старчево',545),(4955,'с. Струмешница',545),(4956,'с. Тонско дабе',545),(4957,'с. Тополница',545),(4958,'с. Чурилово',545),(4959,'с. Чуричени',545),(4960,'с. Чучулигово',545),(4961,'с. Яворница',545),(4962,'с. Яково',545),(4963,'с. Баня',558),(4964,'с. Бачево',546),(4965,'с. Годлево',546),(4966,'с. Горно Драглище',546),(4967,'с. Добърско',546),(4968,'с. Долно Драглище',546),(4969,'с. Елешница',546),(4970,'гр. Разлог',546),(4971,'с. Белевехчево',547),(4972,'с. Бельово',547),(4973,'с. Бождово',547),(4974,'с. Виногради',547),(4975,'с. Вихрен',547),(4976,'с. Враня',547),(4977,'с. Вълково',547),(4978,'с. Голем Цалим',547),(4979,'с. Голешово',547),(4980,'с. Горна Сушица',547),(4981,'с. Горно Спанчево',547),(4982,'с. Дамяница',547),(4983,'с. Дебрене',547),(4984,'с. Джигурово',547),(4985,'с. Долени',547),(4986,'с. Златолист',547),(4987,'с. Зорница',567),(4988,'с. Калиманци',577),(4989,'с. Катунци',547),(4990,'с. Кашина',547),(4991,'с. Ковачево',547),(4992,'с. Кръстилци',547),(4993,'с. Кърланово',547),(4994,'с. Ладарево',547),(4995,'с. Ласкарево',547),(4996,'с. Лебница',547),(4997,'с. Левуново',547),(4998,'с. Лехово',547),(4999,'с. Лешница',547),(5000,'с. Лиляново',547),(5001,'с. Лозеница',547),(5002,'с. Любовище',547),(5003,'с. Любовка',547),(5004,'с. Малки Цалим',547),(5005,'гр. Мелник',547),(5006,'с. Ново Делчево',547),(5007,'с. Ново Ходжово',547),(5008,'с. Петрово',547),(5009,'с. Пиперица',547),(5010,'с. Пирин',547),(5011,'с. Плоски',547),(5012,'с. Поленица',547),(5013,'с. Рожен',547),(5014,'гр. Сандански',547),(5015,'с. Склаве',547),(5016,'с. Спатово',547),(5017,'с. Стожа',547),(5018,'с. Струма',547),(5019,'с. Сугарево',547),(5020,'с. Хотово',547),(5021,'с. Храсна',547),(5022,'с. Хърсово',547),(5023,'с. Черешница',547),(5024,'с. Яново',547),(5025,'с. Боголин',548),(5026,'с. Ваклиново',548),(5027,'с. Вълкосел',548),(5028,'с. Годешево',548),(5029,'с. Долен',548),(5030,'с. Жижево',548),(5031,'с. Кочан',548),(5032,'с. Крибул',548),(5033,'с. Осина',548),(5034,'с. Плетена',548),(5035,'с. Сатовча',548),(5036,'с. Слащен',548),(5037,'с. Туховища',548),(5038,'с. Фъргово',548),(5039,'с. Брежани',549),(5040,'с. Брестово',549),(5041,'с. Горно Осеново',549),(5042,'с. Градево',549),(5043,'с. Докатичево',549),(5044,'с. Долно Осеново',549),(5045,'с. Железница',549),(5046,'с. Крупник',549),(5047,'с. Мечкул',549),(5048,'с. Полена',549),(5049,'с. Полето',549),(5050,'с. Ракитна',549),(5051,'с. Сенокос',549),(5052,'гр. Симитли',549),(5053,'с. Сухострел',549),(5054,'с. Сушица',549),(5055,'с. Тросково',549),(5056,'с. Черниче',549),(5057,'с. Велющец',550),(5058,'с. Вракуповица',550),(5059,'с. Гореме',550),(5060,'с. Горна Крушица',550),(5061,'с. Горна Рибница',550),(5062,'с. Добри лаки',550),(5063,'с. Драката',550),(5064,'с. Игралище',550),(5065,'с. Илинденци',550),(5066,'с. Каменица',550),(5067,'с. Клепало',550),(5068,'с. Колибите',550),(5069,'с. Кърпелево',550),(5070,'с. Махалата',550),(5071,'с. Микрево',550),(5072,'с. Никудин',550),(5073,'с. Палат',550),(5074,'с. Раздол',550),(5075,'с. Седелец',550),(5076,'с. Струмяни',550),(5077,'с. Цапарево',550),(5078,'с. Абланица',551),(5079,'с. Беслен',551),(5080,'с. Блатска',551),(5081,'с. Гайтаниново',551),(5082,'с. Илинден',551),(5083,'с. Копривлен',551),(5084,'с. Лъки',551),(5085,'с. Нова Ловча',551),(5086,'с. Ново Лески',551),(5087,'с. Парил',551),(5088,'с. Петрелик',551),(5089,'с. Садово',566),(5090,'с. Теплен',551),(5091,'с. Тешово',551),(5092,'гр. Хаджидимово',551),(5093,'с. Аврамово',552),(5094,'с. Бел камен',552),(5095,'с. Бунцево',552),(5096,'с. Конарско',552),(5097,'с. Смолево',552),(5098,'с. Черна Места',552),(5099,'с. Юруково',552),(5100,'гр. Якоруда',552),(5101,'гр. Айтос',553),(5102,'с. Дрянковец',553),(5103,'с. Зетьово',553),(5104,'с. Карагеоргиево',553),(5105,'с. Караново',553),(5106,'с. Лясково',553),(5107,'с. Малка поляна',553),(5108,'с. Мъглен',553),(5109,'с. Пещерско',553),(5110,'с. Пирне',553),(5111,'с. Поляново',553),(5112,'с. Раклиново',553),(5113,'с. Съдиево',553),(5114,'с. Тополица',553),(5115,'с. Черна могила',553),(5116,'с. Черноград',553),(5117,'с. Чукарка',553),(5118,'с. Братово',554),(5119,'с. Брястовец',554),(5120,'гр. Бургас',554),(5121,'гр. Българово',554),(5122,'с. Димчево',554),(5123,'с. Драганово',579),(5124,'с. Извор',554),(5125,'с. Изворище',554),(5126,'с. Маринка',554),(5127,'с. Миролюбово',554),(5128,'с. Равнец',554),(5129,'с. Рудник',574),(5130,'с. Твърдица',554),(5131,'с. Черно море',554),(5132,'с. Винарско',555),(5133,'с. Вратица',555),(5134,'с. Желязово',555),(5135,'гр. Камено',555),(5136,'с. Константиново',570),(5137,'с. Кръстина',555),(5138,'с. Ливада',555),(5139,'с. Полски извор',555),(5140,'с. Русокастро',555),(5141,'с. Свобода',555),(5142,'с. Трояново',555),(5143,'с. Тръстиково',566),(5144,'с. Черни връх',555),(5145,'с. Аспарухово',575),(5146,'с. Венец',556),(5147,'с. Глумче',556),(5148,'с. Деветак',556),(5149,'с. Деветинци',556),(5150,'с. Детелина',574),(5151,'с. Добриново',556),(5152,'с. Драганци',556),(5153,'с. Драгово',556),(5154,'с. Екзарх Антимово',556),(5155,'с. Железник',556),(5156,'с. Житосвят',556),(5157,'с. Зимен',556),(5158,'с. Искра',556),(5159,'гр. Карнобат',556),(5160,'с. Кликач',556),(5161,'с. Козаре',556),(5162,'с. Крумово градище',556),(5163,'с. Крушово',556),(5164,'с. Мъдрино',556),(5165,'с. Невестино',556),(5166,'с. Огнен',556),(5167,'с. Раклица',556),(5168,'с. Сан',556),(5169,'с. Стефано',556),(5170,'с. Сигмен',556),(5171,'с. Смолник',556),(5172,'с. Соколово',556),(5173,'с. Сърнево',556),(5174,'с. Хаджиите',556),(5175,'с. Церковски',556),(5176,'с. Черково',556),(5177,'с. Близнак',557),(5178,'с. Бръшлян',557),(5179,'с. Бяла вода',557),(5180,'с. Визица',557),(5181,'с. Граматиково',557),(5182,'с. Евренозово',557),(5183,'с. Заберново',557),(5184,'с. Звездец',557),(5185,'с. Калово',557),(5186,'гр. Малко Търново',557),(5187,'с. Младежко',557),(5188,'с. Сливарово',557),(5189,'с. Стоилово',557),(5190,'с. Гюльовца',558),(5191,'с. Емона',558),(5192,'с. Козница',558),(5193,'с. Кошарица',558),(5194,'гр. Несебър',558),(5195,'гр. Обзор',558),(5196,'с. Оризаре',558),(5197,'с. Паницово',558),(5198,'с. Приселци',566),(5199,'с. Равда',558),(5200,'с. Раковсково',558),(5201,'гр. Свети Влас',558),(5202,'с. Тънково',558),(5203,'с. Александрово',559),(5204,'гр. Ахелой',559),(5205,'с. Бата',559),(5206,'с. Белодол',559),(5207,'с. Габерово',559),(5208,'с. Горица',569),(5209,'с. Гълъбец',559),(5210,'с. Дъбник',559),(5211,'гр. Каблешково',559),(5212,'с. Каменар',570),(5213,'с. Козичино',559),(5214,'с. Косовец',559),(5215,'с. Лъка',559),(5216,'с. Медово',559),(5217,'гр. Поморие',559),(5218,'с. Порой',559),(5219,'с. Страцин',559),(5220,'с. Веселие',560),(5221,'гр. Китен',560),(5222,'с. Ново Паничарево',560),(5223,'с. Писменово',560),(5224,'гр. Приморско',560),(5225,'с. Ясна поляна',560),(5226,'с. Билка',561),(5227,'с. Вишна',561),(5228,'с. Вресово',561),(5229,'с. Добра поляна',561),(5230,'с. Добромир',561),(5231,'с. Дропла',561),(5232,'с. Дъскотна',561),(5233,'с. Дюля',561),(5234,'с. Заимчево',561),(5235,'с. Зайчар',561),(5236,'с. Звезда',561),(5237,'с. Каменяк',561),(5238,'с. Каравельово',561),(5239,'с. Листец',561),(5240,'с. Люляково',561),(5241,'с. Мрежичко',561),(5242,'с. Планиница',561),(5243,'с. Подгорец',561),(5244,'с. Преображенци',561),(5245,'с. Припек',567),(5246,'с. Просеник',561),(5247,'с. Разбойна',561),(5248,'с. Речица',561),(5249,'с. Рожден',561),(5250,'с. Рудина',561),(5251,'с. Руен',561),(5252,'с. Рупча',561),(5253,'с. Ръжица',561),(5254,'с. Сини рид',561),(5255,'с. Скалак',561),(5256,'с. Снежа',561),(5257,'с. Снягово',561),(5258,'с. Соколец',561),(5259,'с. Средна махала',561),(5260,'с. Струя',561),(5261,'с. Топчийско',561),(5262,'с. Трънак',561),(5263,'с. Череша',561),(5264,'с. Шиварово',561),(5265,'с. Ябълчево',561),(5266,'с. Ясеново',561),(5267,'с. Атия',562),(5268,'с. Вършило',562),(5269,'с. Габър',562),(5270,'с. Зидарово',562),(5271,'с. Индже войвода',562),(5272,'с. Крушевец',562),(5273,'с. Присад',562),(5274,'с. Равадиново',562),(5275,'с. Равна гора',566),(5276,'с. Росен',562),(5277,'гр. Созопол',562),(5278,'гр. Черноморец',562),(5279,'с. Белеврен',563),(5280,'с. Белила',563),(5281,'с. Бистрец',563),(5282,'с. Богданово',563),(5283,'с. Варовник',563),(5284,'с. Вълчаново',563),(5285,'с. Голямо Буково',563),(5286,'с. Горно Ябълково',563),(5287,'с. Гранитец',563),(5288,'с. Граничар',563),(5289,'с. Дебелт',563),(5290,'с. Долно Ябълково',563),(5291,'с. Драка',563),(5292,'с. Драчево',563),(5293,'с. Дюлево',563),(5294,'с. Загорци',563),(5295,'с. Кирово',563),(5296,'с. Кубадин',563),(5297,'с. Малина',563),(5298,'с. Момина църква',563),(5299,'с. Орлинци',563),(5300,'с. Проход',563),(5301,'с. Пънчево',563),(5302,'с. Радойново',563),(5303,'с. Росеново',563),(5304,'с. Светлина',563),(5305,'с. Синьо камене',563),(5306,'с. Сливово',563),(5307,'гр. Средец',563),(5308,'с. Суходол',563),(5309,'с. Тракийци',563),(5310,'с. Факия',563),(5311,'с. Бероново',564),(5312,'с. Босилково',564),(5313,'с. Ведрово',564),(5314,'с. Везенково',564),(5315,'с. Велислав',564),(5316,'с. Вълчин',564),(5317,'с. Горово',564),(5318,'с. Грозден',564),(5319,'с. Дъбовица',564),(5320,'с. Есен',564),(5321,'с. Завет',564),(5322,'с. Камчия',564),(5323,'с. Климаш',564),(5324,'с. Костен',564),(5325,'с. Лозарево',564),(5326,'с. Лозица',564),(5327,'с. Манолич',564),(5328,'с. Подвис',564),(5329,'с. Прилеп',564),(5330,'с. Пчелин',564),(5331,'с. Скала',564),(5332,'с. Славянци',564),(5333,'гр. Сунгурларе',564),(5334,'с. Съединение',564),(5335,'с. Терзийско',564),(5336,'с. Черница',564),(5337,'с. Чубра',564),(5338,'гр. Ахтопол',565),(5339,'с. Бродилово',565),(5340,'с. Българи',565),(5341,'с. Варвара',565),(5342,'с. Велика',565),(5343,'с. Кондолово',565),(5344,'с. Кости',565),(5345,'с. Лозенец',565),(5346,'с. Резово',565),(5347,'с. Синеморец',565),(5348,'с. Фазаново',565),(5349,'гр. Царево',565),(5350,'с. Аврен',566),(5351,'с. Бенковски',566),(5352,'с. Близнаци',566),(5353,'с. Болярци',566),(5354,'с. Добри дол',566),(5355,'с. Дъбравино',566),(5356,'с. Здравец',566),(5357,'с. Казашка река',566),(5358,'с. Китка',566),(5359,'с. Круша',566),(5360,'с. Синдел',566),(5361,'с. Царевци',566),(5362,'с. Юнак',566),(5363,'гр. Аксаково',567),(5364,'с. Ботево',567),(5365,'с. Водица',567),(5366,'с. Въглен',567),(5367,'с. Генерал Кантарджиево',567),(5368,'с. Доброглед',567),(5369,'с. Долище',567),(5370,'с. Засмяно',567),(5371,'гр. Игнатиево',567),(5372,'с. Изворско',567),(5373,'с. Кичево',567),(5374,'с. Климентово',567),(5375,'с. Крумово',567),(5376,'с. Куманово',567),(5377,'с. Любен Каравелово',567),(5378,'с. Новаково',567),(5379,'с. Орешак',567),(5380,'с. Радево',567),(5381,'с. Слънчево',567),(5382,'с. Яребична',567),(5383,'гр. Белослав',568),(5384,'с. Езерово',568),(5385,'с. Разделна',568),(5386,'с. Страшимирово',568),(5387,'гр. Бяла',569),(5388,'с. Господиново',569),(5389,'с. Дюлино',569),(5390,'с. Попович',569),(5391,'с. Самотино',569),(5392,'гр. Варна',570),(5393,'с. Звездица',570),(5394,'с. Казашко',570),(5395,'с. Тополи',570),(5396,'с. Белоградец',571),(5397,'с. Ветрино',571),(5398,'с. Габърница',571),(5399,'с. Доброплодно',571),(5400,'с. Млада гвардия',571),(5401,'с. Момчилово',571),(5402,'с. Невша',571),(5403,'с. Неофит Рилски',571),(5404,'с. Средно село',571),(5405,'с. Ягнило',571),(5406,'с. Бояна',572),(5407,'с. Брестак',572),(5408,'с. Войводино',572),(5409,'гр. Вълчи дол',572),(5410,'с. Генерал Киселово',572),(5411,'с. Генерал Колево',572),(5412,'с. Добротич',572),(5413,'с. Есеница',572),(5414,'с. Звънец',572),(5415,'с. Изворник',572),(5416,'с. Искър',572),(5417,'с. Калоян',572),(5418,'с. Караманите',572),(5419,'с. Кракра',572),(5420,'с. Метличина',572),(5421,'с. Михалич',572),(5422,'с. Оборище',572),(5423,'с. Радан войвода',572),(5424,'с. Стефан Караджа',572),(5425,'с. Страхил',572),(5426,'с. Червенци',572),(5427,'с. Щипско',572),(5428,'гр. Девня',573),(5429,'с. Кипра',573),(5430,'с. Падина',573),(5431,'с. Булаир',574),(5432,'с. Бърдарево',574),(5433,'с. Венелин',574),(5434,'с. Голица',574),(5435,'с. Горен чифлик',574),(5436,'с. Гроздьово',574),(5437,'гр. Долни чифлик',574),(5438,'с. Кривини',574),(5439,'с. Нова Шипка',574),(5440,'с. Ново Оряхово',574),(5441,'с. Пчелник',574),(5442,'с. Солник',574),(5443,'с. Старо Оряхово',574),(5444,'с. Шкорпиловци',574),(5445,'с. Юнец',574),(5446,'с. Арковна',575),(5447,'с. Боряна',575),(5448,'с. Величково',575),(5449,'с. Дебелец',575),(5450,'гр. Дългопол',575),(5451,'с. Камен дял',575),(5452,'с. Комунари',575),(5453,'с. Красимир',575),(5454,'с. Лопушна',575),(5455,'с. Медовец',575),(5456,'с. Партизани',575),(5457,'с. Поляците',575),(5458,'с. Рояк',575),(5459,'с. Сава',575),(5460,'с. Сладка вода',575),(5461,'с. Цонево',575),(5462,'с. Блъсково',576),(5463,'с. Бозвелийско',576),(5464,'с. Бързица',576),(5465,'с. Венчан',576),(5466,'с. Градинарово',576),(5467,'с. Добрина',576),(5468,'с. Житница',576),(5469,'с. Златина',576),(5470,'с. Китен',576),(5471,'с. Комарево',576),(5472,'с. Кривня',576),(5473,'с. Манастир',576),(5474,'с. Неново',576),(5475,'с. Овчага',576),(5476,'с. Петров дол',576),(5477,'гр. Провадия',576),(5478,'с. Равна',576),(5479,'с. Славейково',576),(5480,'с. Снежина',576),(5481,'с. Староселец',576),(5482,'с. Тутраканци',576),(5483,'с. Храброво',576),(5484,'с. Чайка',576),(5485,'с. Черковна',576),(5486,'с. Черноок',576),(5487,'с. Баново',577),(5488,'с. Дръндар',577),(5489,'с. Левски',577),(5490,'с. Николаевка',577),(5491,'с. Просечен',577),(5492,'гр. Суворово',577),(5493,'с. Чернево',577),(5494,'с. Арбанаси',578),(5495,'с. Балван',578),(5496,'с. Белчевци',578),(5497,'с. Беляковец',578),(5498,'с. Бижовци',578),(5499,'с. Бойчеви колиби',578),(5500,'с. Бойчовци',578),(5501,'с. Бочковци',578),(5502,'с. Бояновци',578),(5503,'с. Бранковци',578),(5504,'с. Буковец',578),(5505,'гр. Велико Търново',578),(5506,'с. Велчево',578),(5507,'с. Ветринци',578),(5508,'с. Виларе',578),(5509,'с. Водолей',578),(5510,'с. Войнежа',578),(5511,'с. Вонеща вода',578),(5512,'с. Въглевци',578),(5513,'с. Върлинка',578),(5514,'с. Габровци',578),(5515,'с. Гащевци',578),(5516,'с. Големаните',578),(5517,'с. Горановци',578),(5518,'с. Горен Еневец',578),(5519,'гр. Дебелец',578),(5520,'с. Деветаците',578),(5521,'с. Дечковци',578),(5522,'с. Димитровци',578),(5523,'с. Димовци',578),(5524,'с. Дичин',578),(5525,'с. Дойновци',578),(5526,'с. Долен Еневец',578),(5527,'с. Долни Дамяновци',578),(5528,'с. Дунавци',578),(5529,'с. Емен',578),(5530,'с. Ивановци',578),(5531,'с. Илевци',578),(5532,'с. Йовчевци',578),(5533,'гр. Килифарево',578),(5534,'с. Кисьовци',578),(5535,'с. Кладни дял',578),(5536,'с. Клъшка река',578),(5537,'с. Куцаровци',578),(5538,'с. Къпиново',578),(5539,'с. Лагерите',578),(5540,'с. Леденик',578),(5541,'с. Малки чифлик',578),(5542,'с. Малчовци',578),(5543,'с. Марговци',578),(5544,'с. Миндя',578),(5545,'с. Мишеморков хан',578),(5546,'с. Момин сбор',578),(5547,'с. Нацовци',578),(5548,'с. Никюп',578),(5549,'с. Ново село',578),(5550,'с. Осенарите',578),(5551,'с. Пирамидата',578),(5552,'с. Плаково',578),(5553,'с. Пожерник',578),(5554,'с. Поповци',578),(5555,'с. Присово',578),(5556,'с. Продановци',578),(5557,'с. Пушево',578),(5558,'с. Пчелище',578),(5559,'с. Пъровци',578),(5560,'с. Радковци',578),(5561,'с. Райковци',578),(5562,'с. Рашевци',578),(5563,'с. Ресен',578),(5564,'с. Русаля',578),(5565,'с. Русковци',578),(5566,'с. Самоводене',578),(5567,'с. Самсиите',578),(5568,'с. Сеймените',578),(5569,'с. Семковци',578),(5570,'с. Суха река',578),(5571,'с. Сърненци',578),(5572,'с. Терзиите',578),(5573,'с. Тодоровци',578),(5574,'с. Ушeвци',578),(5575,'с. Хотница',578),(5576,'с. Цепераните',578),(5577,'с. Церова кория',578),(5578,'с. Цонковци',578),(5579,'с. Шемшево',578),(5580,'с. Шереметя',578),(5581,'с. Шодековци',578),(5582,'с. Ялово',578),(5583,'с. Върбица',579),(5584,'гр. Горна Оряховица',579),(5585,'с. Горски горен Тръмбеш',579),(5586,'с. Горски долен Тръмбеш',579),(5587,'гр. Долна Оряховица',579),(5588,'с. Крушето',579),(5589,'с. Паисий',579),(5590,'с. Писарево',579),(5591,'с. Поликраище',579),(5592,'с. Правда',579),(5593,'с. Първомайци',579),(5594,'с. Стрелец',579),(5595,'с. Янтра',610),(5596,'с. Аплаци',580),(5597,'с. Багалевци',580),(5598,'с. Бадевци',580),(5599,'с. Баевци',609),(5600,'с. Баждари',580),(5601,'с. Балуци',580),(5602,'с. Беброво',580),(5603,'с. Бейковци',580),(5604,'с. Берковци',580),(5605,'с. Блъсковци',580),(5606,'с. Богданско',580),(5607,'с. Бойковци',580),(5608,'с. Босевци',580),(5609,'с. Брезово',580),(5610,'с. Бръчковци',580),(5611,'с. Буйновци',580),(5612,'с. Бялковци',580),(5613,'с. Валето',580),(5614,'с. Велковци',669),(5615,'с. Велювци',580),(5616,'с. Веселина',710),(5617,'с. Високовци',580),(5618,'с. Вълчовци',580),(5619,'с. Вързилковци',580),(5620,'с. Габрака',580),(5621,'с. Ганев дол',580),(5622,'с. Глоговец',580),(5623,'с. Големани',580),(5624,'с. Горни край',580),(5625,'с. Горни Танчевци',580),(5626,'с. Горска',580),(5627,'с. Граматици',580),(5628,'с. Гърдевци',580),(5629,'с. Давери',580),(5630,'с. Дайновци',580),(5631,'с. Дебели рът',580),(5632,'с. Добревци',645),(5633,'с. Долни Марян',580),(5634,'с. Долни Танчевци',580),(5635,'с. Донковци',580),(5636,'с. Драгановци',609),(5637,'с. Драганосковци',580),(5638,'с. Драгийци',580),(5639,'с. Драгневци',612),(5640,'с. Дрента',580),(5641,'с. Дуковци',580),(5642,'с. Дърлевци',580),(5643,'гр. Елена',580),(5644,'с. Зеленик',580),(5645,'с. Иванивановци',580),(5646,'с. Игнатовци',610),(5647,'с. Илаков рът',580),(5648,'с. Илиювци',580),(5649,'с. Каменари',580),(5650,'с. Кантари',580),(5651,'с. Караиванци',580),(5652,'с. Карандили',580),(5653,'с. Киревци',580),(5654,'с. Кожлювци',580),(5655,'с. Козя река',580),(5656,'с. Колари',580),(5657,'с. Константин',580),(5658,'с. Косевци',580),(5659,'с. Костел',580),(5660,'с. Котуци',580),(5661,'с. Крилювци',580),(5662,'с. Крумчевци',580),(5663,'с. Лазарци',580),(5664,'с. Лесиче',580),(5665,'с. Майско',580),(5666,'с. Марафелци',580),(5667,'с. Мариновци',580),(5668,'с. Марян',580),(5669,'с. Махалници',580),(5670,'с. Мийковци',580),(5671,'с. Миневци',580),(5672,'с. Мирчовци',580),(5673,'с. Мъртвината',580),(5674,'с. Недялковци',612),(5675,'с. Нешевци',580),(5676,'с. Николовци',580),(5677,'с. Николчовци',609),(5678,'с. Ничовци',580),(5679,'с. Нюшковци',580),(5680,'с. Палици',580),(5681,'с. Папратлива',580),(5682,'с. Пейковци',580),(5683,'с. Петковци',610),(5684,'с. Попрусевци',580),(5685,'с. Попска',611),(5686,'с. Радовци',610),(5687,'с. Райновци',609),(5688,'с. Ралиновци',580),(5689,'с. Раювци',580),(5690,'с. Ребревци',580),(5691,'с. Руховци',580),(5692,'с. Светославци',580),(5693,'с. Средни колиби',580),(5694,'с. Стойчевци',580),(5695,'с. Стояновци',607),(5696,'с. Султани',580),(5697,'с. Събковци',580),(5698,'с. Титевци',580),(5699,'с. Тодювци',580),(5700,'с. Томбето',580),(5701,'с. Топузи',580),(5702,'с. Трънковци',580),(5703,'с. Тумбевци',580),(5704,'с. Тънки рът',580),(5705,'с. Търкашени',580),(5706,'с. Угорялковци',580),(5707,'с. Харваловци',580),(5708,'с. Христовци',612),(5709,'с. Хъневци',580),(5710,'с. Цвеклювци',580),(5711,'с. Чавдарци',640),(5712,'с. Чакали',580),(5713,'с. Червенковци',580),(5714,'с. Черни дял',580),(5715,'с. Шиливери',580),(5716,'с. Шилковци',580),(5717,'с. Шубеци',580),(5718,'с. Яковци',580),(5719,'с. Горна Хаджийска',581),(5720,'с. Горско ново село',581),(5721,'с. Горско Писарево',581),(5722,'с. Дедина',581),(5723,'с. Дединци',581),(5724,'с. Делова махала',581),(5725,'с. Долно Шивачево',581),(5726,'с. Дуровци',581),(5727,'с. Дълги припек',581),(5728,'гр. Златарица',581),(5729,'с. Калайджии',581),(5730,'с. Новогорци',581),(5731,'с. Овощна',581),(5732,'с. Равново',581),(5733,'с. Разсоха',581),(5734,'с. Резач',581),(5735,'с. Рекичка',581),(5736,'с. Родина',581),(5737,'с. Росно',581),(5738,'с. Сливовица',581),(5739,'с. Чешма',581),(5740,'с. Чистово',581),(5741,'с. Чуката',581),(5742,'с. Джулюница',720),(5743,'с. Добри дял',582),(5744,'с. Драгижево',582),(5745,'с. Козаревец',779),(5746,'гр. Лясковец',582),(5747,'с. Мерданя',582),(5748,'с. Батак',583),(5749,'с. Бутово',583),(5750,'гр. Бяла черква',583),(5751,'с. Вишовград',583),(5752,'с. Върбовка',583),(5753,'с. Горна Липница',583),(5754,'с. Димча',583),(5755,'с. Долна Липница',583),(5756,'с. Дъскот',583),(5757,'с. Караисен',583),(5758,'с. Лесичери',583),(5759,'с. Михалци',583),(5760,'с. Мусина',583),(5761,'с. Недан',583),(5762,'гр. Павликени',583),(5763,'с. Паскалевец',583),(5764,'с. Патреш',583),(5765,'с. Росица',782),(5766,'с. Сломер',583),(5767,'с. Стамболово',793),(5768,'с. Вързулица',584),(5769,'с. Иванча',784),(5770,'с. Каранци',584),(5771,'с. Куцина',584),(5772,'с. Масларево',584),(5773,'с. Обединение',584),(5774,'с. Орловец',584),(5775,'с. Павел',584),(5776,'с. Петко Каравелово',584),(5777,'с. Полски Сеновец',584),(5778,'гр. Полски Тръмбеш',584),(5779,'с. Раданово',584),(5780,'с. Стефан Стамболово',584),(5781,'с. Страхилово',584),(5782,'с. Алеково',721),(5783,'с. Българско Сливово',585),(5784,'с. Вардим',585),(5785,'с. Горна Студена',585),(5786,'с. Деляновци',585),(5787,'с. Драгомирово',673),(5788,'с. Козловец',585),(5789,'с. Морава',585),(5790,'с. Овча могила',585),(5791,'с. Ореш',585),(5792,'гр. Свищов',585),(5793,'с. Совата',585),(5794,'с. Хаджидимитрово',810),(5795,'с. Царевец',626),(5796,'с. Червена',585),(5797,'с. Асеново',810),(5798,'с. Балканци',614),(5799,'с. Благоево',711),(5800,'с. Бряговица',586),(5801,'с. Виноград',586),(5802,'с. Владислав',586),(5803,'с. Водно',723),(5804,'с. Горски Сеновец',586),(5805,'с. Железарци',586),(5806,'с. Кавлак',586),(5807,'с. Камен',730),(5808,'с. Кесарево',586),(5809,'с. Лозен',788),(5810,'с. Любенци',586),(5811,'с. Мирово',770),(5812,'с. Николаево',730),(5813,'с. Нова Върбовка',586),(5814,'с. Ново градище',586),(5815,'гр. Стражица',586),(5816,'с. Теменуга',622),(5817,'с. Царски извор',586),(5818,'с. Бяла река',799),(5819,'с. Горско Калугерово',587),(5820,'с. Горско Косово',587),(5821,'с. Коевци',612),(5822,'с. Красно градище',587),(5823,'гр. Сухиндол',587),(5824,'гр. Белоградчик',588),(5825,'с. Боровица',622),(5826,'с. Вещица',588),(5827,'с. Върба',737),(5828,'с. Гранитово',808),(5829,'с. Граничак',588),(5830,'с. Дъбравка',588),(5831,'с. Крачимир',588),(5832,'с. Ошане',588),(5833,'с. Праужда',588),(5834,'с. Пролазница',588),(5835,'с. Рабиша',588),(5836,'с. Раяновци',750),(5837,'с. Салаш',588),(5838,'с. Сливовник',588),(5839,'с. Стакевци',588),(5840,'с. Струиндол',588),(5841,'с. Чифлик',643),(5842,'с. Бойница',589),(5843,'с. Бориловец',589),(5844,'с. Градсковски колиби',589),(5845,'с. Каниц',589),(5846,'с. Периловец',589),(5847,'с. Раброво',589),(5848,'с. Шипикова махала',589),(5849,'с. Шишенци',589),(5850,'с. Балей',590),(5851,'гр. Брегово',590),(5852,'с. Връв',590),(5853,'с. Гъмзово',590),(5854,'с. Делейна',590),(5855,'с. Калина',614),(5856,'с. Косово',801),(5857,'с. Куделин',590),(5858,'с. Ракитница',779),(5859,'с. Тияновци',590),(5860,'с. Акациево',591),(5861,'с. Антимово',727),(5862,'с. Бела Рада',591),(5863,'гр. Видин',591),(5864,'с. Войница',591),(5865,'с. Въртоп',591),(5866,'с. Гайтанци',591),(5867,'с. Генерал Мариново',591),(5868,'с. Гомотарци',591),(5869,'с. Градец',758),(5870,'с. Динковица',591),(5871,'с. Долни Бошняк',591),(5872,'с. Дружба',591),(5873,'гр. Дунавци',591),(5874,'с. Жеглица',591),(5875,'с. Иново',591),(5876,'с. Каленик',644),(5877,'с. Капитановци',591),(5878,'с. Кошава',591),(5879,'с. Кутово',591),(5880,'с. Майор Узуново',591),(5881,'с. Новоселци',591),(5882,'с. Пешаково',591),(5883,'с. Плакудер',591),(5884,'с. Покрайна',591),(5885,'с. Рупци',685),(5886,'с. Синаговци',591),(5887,'с. Слана бара',591),(5888,'с. Сланотрън',591),(5889,'с. Търняне',591),(5890,'с. Цар Симеоново',591),(5891,'с. Бояново',808),(5892,'с. Водна',592),(5893,'гр. Грамада',592),(5894,'с. Медешевци',592),(5895,'с. Милчина лъка',592),(5896,'с. Срацимирово',592),(5897,'с. Тошевци',592),(5898,'с. Арчар',593),(5899,'с. Бела',593),(5900,'с. Владиченци',593),(5901,'с. Воднянци',617),(5902,'с. Върбовчец',593),(5903,'гр. Димово',593),(5904,'с. Дълго поле',688),(5905,'с. Държаница',593),(5906,'с. Карбинци',593),(5907,'с. Кладоруб',593),(5908,'с. Костичовци',593),(5909,'с. Лагошевци',593),(5910,'с. Мали Дреновец',593),(5911,'с. Медовница',593),(5912,'с. Орешец',795),(5913,'с. Острокапци',593),(5914,'с. Септемврийци',649),(5915,'с. Скомля',593),(5916,'с. Шипот',593),(5917,'с. Яньовец',593),(5918,'с. Ярловица',593),(5919,'с. Големаново',594),(5920,'с. Извор махала',594),(5921,'с. Коста Перчево',594),(5922,'гр. Кула',594),(5923,'с. Полетковци',594),(5924,'с. Старопатица',594),(5925,'с. Тополовец',597),(5926,'с. Цар',594),(5927,'с. Чичил',594),(5928,'с. Вълчек',595),(5929,'с. Киреево',595),(5930,'с. Макреш',595),(5931,'с. Подгоре',595),(5932,'с. Раковица',595),(5933,'с. Толовица',595),(5934,'с. Цар Шишманово',595),(5935,'с. Винарово',780),(5936,'с. Неговановци',596),(5937,'с. Флорентин',596),(5938,'с. Ясен',683),(5939,'с. Гюргич',597),(5940,'с. Динково',597),(5941,'с. Дражинци',597),(5942,'с. Дреновец',597),(5943,'с. Плешивец',597),(5944,'с. Роглец',597),(5945,'с. Ружинци',597),(5946,'с. Черно поле',597),(5947,'с. Върбово',795),(5948,'с. Горни Лом',598),(5949,'с. Долни Лом',598),(5950,'с. Протопопинци',598),(5951,'с. Репляна',598),(5952,'с. Средогрив',598),(5953,'с. Търговище',598),(5954,'с. Чупрене',598),(5955,'с. Борован',599),(5956,'с. Добролево',599),(5957,'с. Малорад',599),(5958,'с. Нивянин',599),(5959,'с. Сираково',790),(5960,'с. Алтимир',600),(5961,'с. Бърдарски геран',600),(5962,'с. Бъркачево',600),(5963,'гр. Бяла Слатина',600),(5964,'с. Враняк',600),(5965,'с. Габаре',600),(5966,'с. Галиче',600),(5967,'с. Драшан',600),(5968,'с. Попица',600),(5969,'с. Соколаре',600),(5970,'с. Тлачене',600),(5971,'с. Търнава',810),(5972,'с. Търнак',600),(5973,'с. Баница',601),(5974,'с. Бели извор',601),(5975,'с. Веслец',601),(5976,'с. Вировско',601),(5977,'с. Власатица',601),(5978,'гр. Враца',601),(5979,'с. Голямо Пещене',601),(5980,'с. Горно Пещене',601),(5981,'с. Девене',601),(5982,'с. Згориград',601),(5983,'с. Костелево',601),(5984,'с. Лиляче',601),(5985,'с. Лютаджик',601),(5986,'с. Мало Пещене',601),(5987,'с. Мраморен',601),(5988,'с. Нефела',601),(5989,'с. Оходен',601),(5990,'с. Паволче',601),(5991,'с. Тишевица',601),(5992,'с. Три кладенци',601),(5993,'с. Челопек',601),(5994,'с. Чирен',601),(5995,'с. Бутан',602),(5996,'с. Гложене',642),(5997,'гр. Козлодуй',602),(5998,'с. Крива бара',648),(5999,'с. Хърлец',602),(6000,'с. Баурене',603),(6001,'с. Ботуня',603),(6002,'с. Галатин',603),(6003,'с. Главаци',603),(6004,'с. Големо Бабино',603),(6005,'с. Градешница',603),(6006,'с. Добруша',603),(6007,'с. Краводер',603),(6008,'гр. Криводол',603),(6009,'с. Лесура',603),(6010,'с. Осен',785),(6011,'с. Пудрия',603),(6012,'с. Ракево',603),(6013,'с. Уровене',603),(6014,'с. Фурен',603),(6015,'с. Боденец',604),(6016,'с. Брусен',752),(6017,'с. Върбешница',604),(6018,'с. Горна Бешовица',604),(6019,'с. Горна Кремена',604),(6020,'с. Долна Кремена',604),(6021,'с. Дърманци',604),(6022,'с. Елисейна',604),(6023,'с. Зверино',604),(6024,'с. Злидол',604),(6025,'с. Игнатица',604),(6026,'с. Кален',604),(6027,'с. Крапец',621),(6028,'с. Крета',676),(6029,'с. Лик',604),(6030,'с. Лютиброд',604),(6031,'с. Лютидол',604),(6032,'гр. Мездра',604),(6033,'с. Моравица',781),(6034,'с. Оселна',752),(6035,'с. Ослен Криводол',604),(6036,'с. Очиндол',604),(6037,'с. Ребърково',604),(6038,'с. Руска Бела',604),(6039,'с. Старо село',730),(6040,'с. Типченица',604),(6041,'с. Цаконица',604),(6042,'с. Войводово',796),(6043,'с. Крушовица',751),(6044,'с. Липница',745),(6045,'гр. Мизия',605),(6046,'с. Сараево',605),(6047,'с. Софрониево',605),(6048,'с. Галово',606),(6049,'с. Горни Вадин',606),(6050,'с. Долни Вадин',606),(6051,'с. Лесковец',672),(6052,'гр. Оряхово',606),(6053,'с. Остров',606),(6054,'с. Селановци',606),(6055,'с. Долна Бешовица',607),(6056,'с. Камено поле',607),(6057,'с. Караш',607),(6058,'с. Кунино',607),(6059,'с. Курново',607),(6060,'с. Марково равнище',607),(6061,'с. Радовене',607),(6062,'гр. Роман',607),(6063,'с. Синьо бърдо',607),(6064,'с. Средни рът',607),(6065,'с. Струпец',730),(6066,'с. Хубавене',607),(6067,'с. Бързина',608),(6068,'с. Манастирище',763),(6069,'с. Михайлово',779),(6070,'с. Рогозен',608),(6071,'с. Хайредин',608),(6072,'с. Ангелов',609),(6073,'с. Армените',609),(6074,'с. Баланите',609),(6075,'с. Балиновци',609),(6076,'с. Банковци',609),(6077,'с. Бекриите',609),(6078,'с. Беломъжите',609),(6079,'с. Бобевци',609),(6080,'с. Богданчовци',609),(6081,'с. Боженците',609),(6082,'с. Бойновци',609),(6083,'с. Бойчета',609),(6084,'с. Болтата',609),(6085,'с. Борики',609),(6086,'с. Борското',609),(6087,'с. Брънеците',609),(6088,'с. Бялково',609),(6089,'с. Ветрово',609),(6090,'с. Влайчовци',609),(6091,'с. Влаховци',609),(6092,'с. Врабците',609),(6093,'с. Враниловци',609),(6094,'с. Вълков дол',609),(6095,'гр. Габрово',609),(6096,'с. Гайкини',609),(6097,'с. Гайтаните',609),(6098,'с. Гарван',726),(6099,'с. Геновци',609),(6100,'с. Генчовци',612),(6101,'с. Гергини',609),(6102,'с. Гледаци',609),(6103,'с. Горнова могила',609),(6104,'с. Гръблевци',609),(6105,'с. Гъбене',609),(6106,'с. Дебел дял',609),(6107,'с. Джумриите',609),(6108,'с. Дивеци',609),(6109,'с. Донино',609),(6110,'с. Драганчетата',609),(6111,'с. Драгиевци',609),(6112,'с. Драгомани',609),(6113,'с. Думници',609),(6114,'с. Езерото',609),(6115,'с. Живко',609),(6116,'с. Жълтеш',609),(6117,'с. Здравковец',609),(6118,'с. Зелено дърво',609),(6119,'с. Златевци',609),(6120,'с. Иванили',609),(6121,'с. Иванковци',609),(6122,'с. Иглика',807),(6123,'с. Източник',609),(6124,'с. Калчовци',609),(6125,'с. Камещица',609),(6126,'с. Карали',609),(6127,'с. Киевци',609),(6128,'с. Кметовци',609),(6129,'с. Кметчета',609),(6130,'с. Кози рог',609),(6131,'с. Колишовци',609),(6132,'с. Копчелиите',609),(6133,'с. Костадините',609),(6134,'с. Костенковци',609),(6135,'с. Лесичарка',609),(6136,'с. Лоза',609),(6137,'с. Малини',609),(6138,'с. Малуша',609),(6139,'с. Междени',609),(6140,'с. Мечковица',609),(6141,'с. Милковци',609),(6142,'с. Михайловци',609),(6143,'с. Мичковци',609),(6144,'с. Моровеците',609),(6145,'с. Мрахори',609),(6146,'с. Музга',609),(6147,'с. Новаковци',609),(6148,'с. Овощарци',609),(6149,'с. Орловци',609),(6150,'с. Парчовци',609),(6151,'с. Пейовци',609),(6152,'с. Пенковци',609),(6153,'с. Петровци',609),(6154,'с. Пецовци',609),(6155,'с. Попари',609),(6156,'с. Поток',609),(6157,'с. Прахали',609),(6158,'с. Пъртевци',609),(6159,'с. Раховци',609),(6160,'с. Рачевци',609),(6161,'с. Редешковци',609),(6162,'с. Руйчовци',609),(6163,'с. Рязковци',609),(6164,'с. Свинарски дол',609),(6165,'с. Седянковци',609),(6166,'с. Сейковци',609),(6167,'с. Семерджиите',609),(6168,'с. Смиловци',609),(6169,'с. Солари',609),(6170,'с. Спанци',609),(6171,'с. Спасовци',609),(6172,'с. Старилковци',609),(6173,'с. Стефаново',673),(6174,'с. Стоевци',609),(6175,'с. Стойковци',609),(6176,'с. Стойчовци',609),(6177,'с. Стоманеците',609),(6178,'с. Съботковци',609),(6179,'с. Тодорчета',609),(6180,'с. Торбалъжите',609),(6181,'с. Трапесковци',609),(6182,'с. Трънито',609),(6183,'с. Узуните',609),(6184,'с. Фърговци',609),(6185,'с. Харачерите',609),(6186,'с. Цвятковци',609),(6187,'с. Чавеи',609),(6188,'с. Чарково',609),(6189,'с. Червена локва',609),(6190,'с. Черневци',609),(6191,'с. Читаковци',609),(6192,'с. Чукилите',609),(6193,'с. Шарани',609),(6194,'с. Шипчените',609),(6195,'с. Яворец',609),(6196,'с. Янковци',609),(6197,'с. Ясените',609),(6198,'с. Балалея',610),(6199,'с. Балванците',610),(6200,'с. Банари',610),(6201,'с. Билкини',610),(6202,'с. Бучуковци',610),(6203,'с. Ганчовец',610),(6204,'с. Геня',610),(6205,'с. Геша',610),(6206,'с. Глушка',610),(6207,'с. Гоздейка',610),(6208,'с. Големи Българени',610),(6209,'с. Горни Върпища',610),(6210,'с. Горни Драгойча',610),(6211,'с. Гостилица',610),(6212,'с. Гърня',610),(6213,'с. Денчевци',610),(6214,'с. Джуровци',610),(6215,'с. Длъгня',610),(6216,'с. Добрените',610),(6217,'с. Долни Върпища',610),(6218,'с. Долни Драгойча',610),(6219,'с. Доча',610),(6220,'гр. Дряново',610),(6221,'с. Дурча',610),(6222,'с. Еленците',610),(6223,'с. Зая',610),(6224,'с. Каломен',610),(6225,'с. Караиванца',610),(6226,'с. Катранджии',610),(6227,'с. Керека',610),(6228,'с. Косарка',610),(6229,'с. Косилка',610),(6230,'с. Крънча',610),(6231,'с. Кукля',610),(6232,'с. Куманите',610),(6233,'с. Къртипъня',610),(6234,'с. Малки Българени',610),(6235,'с. Маноя',610),(6236,'с. Муця',610),(6237,'с. Нейчовци',610),(6238,'с. Пейна',610),(6239,'с. Плачка',610),(6240,'с. Пърша',610),(6241,'с. Раданчето',610),(6242,'с. Ритя',610),(6243,'с. Руня',610),(6244,'с. Русиновци',610),(6245,'с. Саласука',610),(6246,'с. Скалско',610),(6247,'с. Станча',610),(6248,'с. Сухолоевци',610),(6249,'с. Сяровци',610),(6250,'с. Туркинча',610),(6251,'с. Царева ливада',610),(6252,'с. Чуково',627),(6253,'с. Шушня',610),(6254,'с. Агатово',611),(6255,'с. Батошево',611),(6256,'с. Бериево',611),(6257,'с. Боазът',611),(6258,'с. Богатово',611),(6259,'с. Буря',611),(6260,'с. Валевци',611),(6261,'с. Войнишка',611),(6262,'с. Горна Росица',611),(6263,'с. Градище',806),(6264,'с. Градница',620),(6265,'с. Дамяново',611),(6266,'с. Дебелцово',611),(6267,'с. Дисманица',611),(6268,'с. Добромирка',611),(6269,'с. Душево',611),(6270,'с. Душевски колиби',611),(6271,'с. Енев рът',611),(6272,'с. Идилево',611),(6273,'с. Карамичевци',611),(6274,'с. Кастел',611),(6275,'с. Корията',611),(6276,'с. Кормянско',611),(6277,'с. Крамолин',611),(6278,'с. КръвеникКупен',611),(6279,'с. Ловнидол',611),(6280,'с. Малки Вършец',611),(6281,'с. Младен',611),(6282,'с. Млечево',611),(6283,'с. Петко Славейков',611),(6284,'с. Ряховците',611),(6285,'гр. Севлиево',611),(6286,'с. Сенник',611),(6287,'с. Стоките',611),(6288,'с. Столът',611),(6289,'с. Табашка',611),(6290,'с. Тумбалово',611),(6291,'с. Търхово',611),(6292,'с. Угорелец',611),(6293,'с. Хирево',611),(6294,'с. Шопите',611),(6295,'с. Шумата',611),(6296,'с. Азманите',612),(6297,'с. Армянковци',612),(6298,'с. Бангейци',612),(6299,'с. Бахреци',612),(6300,'с. Белица',788),(6301,'с. Брежниците',612),(6302,'с. Бърдарите',612),(6303,'с. Бърдени',612),(6304,'с. Веленци',612),(6305,'с. Велково',612),(6306,'с. Велчовци',612),(6307,'с. Владовци',612),(6308,'с. Власатили',612),(6309,'с. Войниците',612),(6310,'с. Вълковци',612),(6311,'с. Гайдари',612),(6312,'с. Глутниците',612),(6313,'с. Големи Станчовци',612),(6314,'с. Горни Дамяновци',612),(6315,'с. Горни Маренци',612),(6316,'с. Горни Радковци',612),(6317,'с. Горни Цоневци',612),(6318,'с. Горяни',612),(6319,'с. Даевци',612),(6320,'с. Димиевци',612),(6321,'с. Долни Маренци',612),(6322,'с. Долни Радковци',612),(6323,'с. Долни Томчевци',612),(6324,'с. Донкино',612),(6325,'с. Дончовци',612),(6326,'с. Драндарите',612),(6327,'с. Дървари',612),(6328,'с. Дъскарите',612),(6329,'с. Енчовци',612),(6330,'с. Зеленика',612),(6331,'с. Иван Димов',612),(6332,'с. Иринеци',612),(6333,'с. Йововци',612),(6334,'с. Кашенци',612),(6335,'с. Керените',612),(6336,'с. Киселковци',612),(6337,'с. Кисийците',612),(6338,'с. Койчовци',612),(6339,'с. Колю Ганев',612),(6340,'с. Конарското',612),(6341,'с. Креслювци',612),(6342,'с. Кръстеняците',612),(6343,'с. Кръстец',612),(6344,'с. Малки Станчовци',612),(6345,'с. Маневци',612),(6346,'с. Маруцековци',612),(6347,'с. Матешовци',612),(6348,'с. Милевци',612),(6349,'с. Миховци',612),(6350,'с. Могилите',612),(6351,'с. Мръзеци',612),(6352,'с. Неновци',612),(6353,'с. Никачковци',612),(6354,'с. Ножерите',612),(6355,'с. Носеите',612),(6356,'с. Околиите',612),(6357,'с. Ошаните',612),(6358,'с. Павлевци',612),(6359,'с. Планинци',737),(6360,'гр. Плачковци',612),(6361,'с. Побък',612),(6362,'с. Попгергевци',612),(6363,'с. Попрайковци',612),(6364,'с. Престой',612),(6365,'с. Пържиграх',612),(6366,'с. Радевци',612),(6367,'с. Радино',612),(6368,'с. Радоевци',612),(6369,'с. Раевци',612),(6370,'с. Райнушковци',612),(6371,'с. Ралевци',612),(6372,'с. Рачовци',612),(6373,'с. Рашовите',612),(6374,'с. Руевци',612),(6375,'с. Свирци',612),(6376,'с. Сечен камък',612),(6377,'с. Скорците',612),(6378,'с. Стайновци',612),(6379,'с. Станчов хан',612),(6380,'с. Стражата',612),(6381,'с. Стръмци',612),(6382,'с. Тодореците',612),(6383,'с. Томчевци',612),(6384,'гр. Трявна',612),(6385,'с. Урвата',612),(6386,'с. Фъревци',612),(6387,'с. Фъртуни',612),(6388,'с. Чакалите',612),(6389,'с. Черновръх',612),(6390,'с. Ябълковци',612),(6391,'с. Явор',612),(6392,'гр. Балчик',613),(6393,'с. Безводица',613),(6394,'с. Бобовец',613),(6395,'с. Брястово',790),(6396,'с. Гурково',745),(6397,'с. Змеево',613),(6398,'с. Карвуна',613),(6399,'с. Кранево',613),(6400,'с. Кремена',613),(6401,'с. Ляхово',662),(6402,'с. Оброчище',613),(6403,'с. Преспа',759),(6404,'с. Рогачево',613),(6405,'с. Стражица',613),(6406,'с. Тригорци',613),(6407,'с. Царичино',613),(6408,'с. Църква',613),(6409,'с. Александър Стамболийски',614),(6410,'с. Бежаново',641),(6411,'с. Василево',614),(6412,'с. Великово',772),(6413,'с. Вичово',614),(6414,'гр. Генерал Тошево',614),(6415,'с. Градини',614),(6416,'с. Дъбовик',614),(6417,'с. Житен',769),(6418,'с. Зограф',614),(6419,'с. Изворово',795),(6420,'с. Йовково',614),(6421,'с. Кардам',784),(6422,'с. Конаре',771),(6423,'с. Красен',717),(6424,'с. Лозница',614),(6425,'с. Огражден',614),(6426,'с. Петлешково',614),(6427,'с. Писарово',679),(6428,'с. Пленимир',614),(6429,'с. Преселенци',614),(6430,'с. Пчеларово',628),(6431,'с. Рогозина',614),(6432,'с. Сноп',614),(6433,'с. Спасово',780),(6434,'с. Средина',614),(6435,'с. Сърнино',740),(6436,'с. Узово',614),(6437,'с. Чернооково',799),(6438,'с. Алцек',617),(6439,'с. Батово',617),(6440,'с. Бдинци',617),(6441,'с. Богдан',689),(6442,'с. Божурово',799),(6443,'с. Бранище',617),(6444,'с. Ведрина',617),(6445,'с. Владимирово',794),(6446,'с. Вратарите',617),(6447,'с. Врачанци',617),(6448,'с. Гешаново',617),(6449,'с. Добрево',617),(6450,'с. Долина',800),(6451,'с. Дончево',617),(6452,'с. Дряновец',741),(6453,'с. Енево',803),(6454,'с. Златия',649),(6455,'с. Карапелит',617),(6456,'с. Козлодуйци',617),(6457,'с. Котленци',617),(6458,'с. Крагулево',617),(6459,'с. Ловчанци',617),(6460,'с. Ломница',674),(6461,'с. Малка Смолница',617),(6462,'с. Методиево',799),(6463,'с. Миладиновци',810),(6464,'с. Ново Ботево',617),(6465,'с. Овчарово',806),(6466,'с. Одринци',787),(6467,'с. Одърци',617),(6468,'с. Опанец',683),(6469,'с. Орлова могила',617),(6470,'с. Паскалево',617),(6471,'с. Плачидол',617),(6472,'с. Победа',810),(6473,'с. Подслон',779),(6474,'с. Полковник Иваново',617),(6475,'с. Полковник Минково',617),(6476,'с. Полковник Свещарово',617),(6477,'с. Попгригорово',617),(6478,'с. Приморци',617),(6479,'с. Пчелино',617),(6480,'с. Славеево',787),(6481,'с. Сливенци',617),(6482,'с. Смолница',617),(6483,'с. Соколник',617),(6484,'с. Стожер',617),(6485,'с. Тянево',792),(6486,'с. Фелдфебел Денково',617),(6487,'с. Хитово',617),(6488,'с. Черна',805),(6489,'с. Белгун',618),(6490,'с. Било',618),(6491,'с. Божурец',618),(6492,'с. Българево',618),(6493,'с. Видно',618),(6494,'с. Вранино',618),(6495,'с. Иречек',618),(6496,'гр. Каварна',618),(6497,'с. Камен бряг',618),(6498,'с. Крупен',618),(6499,'с. Могилище',618),(6500,'с. Нейково',728),(6501,'с. Поручик Чунчево',618),(6502,'с. Раковски',711),(6503,'с. Свети Никола',618),(6504,'с. Селце',774),(6505,'с. Топола',618),(6506,'с. Травник',618),(6507,'с. Хаджи Димитър',618),(6508,'с. Челопечене',618),(6509,'с. Абрит',619),(6510,'с. Александрия',619),(6511,'с. Габер',750),(6512,'с. Добрин',619),(6513,'с. Ефрейтор Бакалово',619),(6514,'с. Земенци',619),(6515,'с. Зимница',809),(6516,'с. Капитан Димитрово',619),(6517,'с. Коритен',619),(6518,'с. Крушари',619),(6519,'с. Полковник Дяково',619),(6520,'с. Поручик Кърджиево',619),(6521,'с. Северняк',619),(6522,'с. Северци',619),(6523,'с. Телериг',619),(6524,'с. Ангеларий',620),(6525,'с. Балик',620),(6526,'с. Безмер',810),(6527,'с. Божан',620),(6528,'с. Бонево',620),(6529,'с. Брестница',645),(6530,'с. Войниково',620),(6531,'с. Главанци',620),(6532,'с. Гуслар',620),(6533,'с. Жегларци',620),(6534,'с. Зърнево',620),(6535,'с. Каблешково',628),(6536,'с. Коларци',620),(6537,'с. Кочмар',620),(6538,'с. Мали извор',620),(6539,'с. Нова Камена',620),(6540,'с. Оногур',620),(6541,'с. Орляк',620),(6542,'с. Полковник Савово',620),(6543,'с. Попгруево',620),(6544,'с. Професор Златарски',620),(6545,'с. Сърнец',620),(6546,'гр. Тервел',620),(6547,'с. Честименско',620),(6548,'с. Божаново',621),(6549,'с. Ваклино',621),(6550,'с. Горичане',621),(6551,'с. Горун',621),(6552,'с. Дуранкулак',621),(6553,'с. Езерец',621),(6554,'с. Захари Стояново',784),(6555,'с. Пролез',621),(6556,'с. Смин',621),(6557,'с. Стаевци',621),(6558,'с. Тюленово',621),(6559,'с. Черноморци',621),(6560,'гр. Шабла',621),(6561,'гр. Ардино',622),(6562,'с. Ахрянско',622),(6563,'с. Башево',622),(6564,'с. Бистроглед',622),(6565,'с. Богатино',622),(6566,'с. Брезен',622),(6567,'с. Бял извор',776),(6568,'с. Главник',622),(6569,'с. Голобрад',622),(6570,'с. Горно Прахово',622),(6571,'с. Гърбище',622),(6572,'с. Дедино',622),(6573,'с. Дойранци',800),(6574,'с. Долно Прахово',622),(6575,'с. Дядовци',622),(6576,'с. Еньовче',622),(6577,'с. Жълтуша',622),(6578,'с. Китница',622),(6579,'с. Кроячево',622),(6580,'с. Латинка',622),(6581,'с. Левци',622),(6582,'с. Ленище',622),(6583,'с. Любино',622),(6584,'с. Мак',622),(6585,'с. Млечино',622),(6586,'с. Мусево',622),(6587,'с. Паспал',622),(6588,'с. Песнопой',688),(6589,'с. Правдолюб',622),(6590,'с. Рибарци',622),(6591,'с. Родопско',622),(6592,'с. Русалско',622),(6593,'с. Светулка',622),(6594,'с. Седларци',622),(6595,'с. Синчец',622),(6596,'с. Сполука',622),(6597,'с. Срънско',622),(6598,'с. Стар читак',622),(6599,'с. Стояново',650),(6600,'с. Сухово',622),(6601,'с. Търна',622),(6602,'с. Търносливка',622),(6603,'с. Хромица',622),(6604,'с. Червена скала',622),(6605,'с. Чернигово',622),(6606,'с. Чубрика',622),(6607,'с. Ябълковец',622),(6608,'с. Албанци',623),(6609,'с. Брежана',623),(6610,'с. Великденче',782),(6611,'с. Воденичарско',623),(6612,'с. Вълкович',623),(6613,'с. Генерал Гешево',623),(6614,'гр. Джебел',623),(6615,'с. Добринци',623),(6616,'с. Душинково',623),(6617,'с. Желъдово',623),(6618,'с. Жълти рид',623),(6619,'с. Жълтика',623),(6620,'с. Илийско',623),(6621,'с. Казаците',623),(6622,'с. Каменяне',623),(6623,'с. Козица',784),(6624,'с. Контил',623),(6625,'с. Купците',623),(6626,'с. Лебед',623),(6627,'с. Мишевско',623),(6628,'с. Овчево',623),(6629,'с. Папрат',623),(6630,'с. Плазище',623),(6631,'с. Подвръх',623),(6632,'с. Полянец',623),(6633,'с. Поточе',623),(6634,'с. Ридино',623),(6635,'с. Рогозари',623),(6636,'с. Рогозче',623),(6637,'с. Рожденско',623),(6638,'с. Рът',623),(6639,'с. Сипец',623),(6640,'с. Скалина',623),(6641,'с. Слънчоглед',623),(6642,'с. Софийци',623),(6643,'с. Телчарка',623),(6644,'с. Търновци',727),(6645,'с. Тютюнче',623),(6646,'с. Устрен',623),(6647,'с. Цвятово',623),(6648,'с. Църквица',802),(6649,'с. Чакалци',623),(6650,'с. Черешка',623),(6651,'с. Щерна',623),(6652,'с. Ямино',623),(6653,'с. Априлци',662),(6654,'с. Брегово',624),(6655,'с. Бързея',624),(6656,'с. Вълчанка',624),(6657,'с. Върбен',687),(6658,'с. Върли дол',738),(6659,'с. Горно Кирково',624),(6660,'с. Горно Къпиново',624),(6661,'с. Горски извор',786),(6662,'с. Гривяк',624),(6663,'с. Дедец',624),(6664,'с. Джерово',624),(6665,'с. Добромирци',624),(6666,'с. Долно Къпиново',624),(6667,'с. Домище',624),(6668,'с. Дружинци',624),(6669,'с. Дрянова глава',624),(6670,'с. Дюлица',624),(6671,'с. Еровете',624),(6672,'с. Завоя',624),(6673,'с. Загорски',624),(6674,'с. Здравчец',624),(6675,'с. Каялоба',624),(6676,'с. Кирково',624),(6677,'с. Китна',624),(6678,'с. Козлево',624),(6679,'с. Костурино',624),(6680,'с. Кран',624),(6681,'с. Крилатица',624),(6682,'с. Кукуряк',624),(6683,'с. Кърчовско',624),(6684,'с. Лозенградци',624),(6685,'с. Малкоч',624),(6686,'с. Медевци',624),(6687,'с. Метличка',624),(6688,'с. Могиляне',624),(6689,'с. Мъглене',624),(6690,'с. Нане',624),(6691,'с. Орлица',624),(6692,'с. Островец',624),(6693,'с. Пловка',624),(6694,'с. Подкова',624),(6695,'с. Пресека',624),(6696,'с. Първенци',624),(6697,'с. Първица',624),(6698,'с. Растник',624),(6699,'с. Самодива',624),(6700,'с. Самокитка',624),(6701,'с. Светлен',784),(6702,'с. Секирка',624),(6703,'с. Средско',624),(6704,'с. Старейшино',624),(6705,'с. Старово',624),(6706,'с. Стоманци',624),(6707,'с. Стрижба',624),(6708,'с. Тихомир',624),(6709,'с. Фотиново',657),(6710,'с. Хаджийско',624),(6711,'с. Царино',624),(6712,'с. Чавка',624),(6713,'с. Чакаларово',624),(6714,'с. Чичево',624),(6715,'с. Чорбаджийско',624),(6716,'с. Шипок',624),(6717,'с. Шопци',624),(6718,'с. Шумнатица',624),(6719,'с. Яковица',624),(6720,'с. Янино',624),(6721,'с. Багрилци',625),(6722,'с. Бараци',625),(6723,'с. Благун',625),(6724,'с. Бойник',625),(6725,'с. Бряговец',625),(6726,'с. Бук',625),(6727,'с. Вранско',625),(6728,'с. Голям Девесил',625),(6729,'с. Голяма Чинка',625),(6730,'с. Голямо Каменяне',625),(6731,'с. Горна кула',625),(6732,'с. Горни Юруци',625),(6733,'с. Гривка',625),(6734,'с. Гулийка',625),(6735,'с. Гулия',625),(6736,'с. Девесилица',625),(6737,'с. Девесилово',625),(6738,'с. Джанка',625),(6739,'с. Доборско',625),(6740,'с. Долна кула',625),(6741,'с. Долни Юруци',625),(6742,'с. Дъждовник',625),(6743,'с. Егрек',625),(6744,'с. Едрино',625),(6745,'с. Звънарка',625),(6746,'с. Зиморница',625),(6747,'с. Калайджиево',625),(6748,'с. Каменка',625),(6749,'с. Кандилка',625),(6750,'с. Качулка',625),(6751,'с. Ковил',625),(6752,'с. Кожухарци',625),(6753,'с. Котлари',625),(6754,'с. Красино',625),(6755,'гр. Крумовград',625),(6756,'с. Къклица',625),(6757,'с. Лещарка',625),(6758,'с. Лимец',625),(6759,'с. Луличка',625),(6760,'с. Малка Чинка',625),(6761,'с. Малко Каменяне',625),(6762,'с. Малък Девесил',625),(6763,'с. Метлика',625),(6764,'с. Морянци',625),(6765,'с. Овчари',625),(6766,'с. Орех',625),(6767,'с. Орешари',625),(6768,'с. Падало',625),(6769,'с. Пашинци',625),(6770,'с. Пелин',625),(6771,'с. Перуника',625),(6772,'с. Подрумче',625),(6773,'с. Полковник Желязово',625),(6774,'с. Поточарка',625),(6775,'с. Поточница',625),(6776,'с. Раличево',625),(6777,'с. Рибино',625),(6778,'с. Рогач',625),(6779,'с. Ручей',625),(6780,'с. Самовила',625),(6781,'с. Сбор',662),(6782,'с. Синигер',625),(6783,'с. Сладкодум',625),(6784,'с. Сливарка',625),(6785,'с. Стари чал',625),(6786,'с. Стражец',711),(6787,'с. Странджево',625),(6788,'с. Студен кладенец',625),(6789,'с. Сърнак',625),(6790,'с. Тинтява',625),(6791,'с. Токачка',625),(6792,'с. Тополка',625),(6793,'с. Хисар',625),(6794,'с. Храстово',625),(6795,'с. Чал',625),(6796,'с. Черничево',706),(6797,'с. Чернооки',625),(6798,'с. Айрово',626),(6799,'с. Багра',626),(6800,'с. Бащино',776),(6801,'с. Бели пласт',626),(6802,'с. Бленика',626),(6803,'с. Божак',626),(6804,'с. Бойно',626),(6805,'с. Брош',626),(6806,'с. Бяла поляна',626),(6807,'с. Бялка',626),(6808,'с. Велешани',626),(6809,'с. Висока',626),(6810,'с. Висока поляна',805),(6811,'с. Вишеград',626),(6812,'с. Воловарци',626),(6813,'с. Върбенци',626),(6814,'с. Главатарци',626),(6815,'с. Глухар',626),(6816,'с. Гняздово',626),(6817,'с. Голяма бара',626),(6818,'с. Горна крепост',626),(6819,'с. Гъсково',626),(6820,'с. Долна крепост',626),(6821,'с. Дъждино',626),(6822,'с. Дъждовница',626),(6823,'с. Дънгово',626),(6824,'с. Енчец',626),(6825,'с. Жинзифово',626),(6826,'с. Житарник',626),(6827,'с. Зайчино',626),(6828,'с. Звезделина',626),(6829,'с. Звезден',626),(6830,'с. Звиница',626),(6831,'с. Звъника',626),(6832,'с. Звънче',626),(6833,'с. Зелениково',687),(6834,'с. Зимзелен',626),(6835,'с. Иванци',626),(6836,'с. Илиница',626),(6837,'с. Калинка',626),(6838,'с. Калоянци',626),(6839,'с. Каменарци',626),(6840,'с. Кобиляне',626),(6841,'с. Кокиче',626),(6842,'с. Кокошане',626),(6843,'с. Конево',799),(6844,'с. Костино',626),(6845,'с. Крайно село',626),(6846,'с. Крин',626),(6847,'с. Крушевска',626),(6848,'с. Крушка',626),(6849,'гр. Кърджали',626),(6850,'с. Кьосево',626),(6851,'с. Лисиците',626),(6852,'с. Лъвово',626),(6853,'с. Майсторово',626),(6854,'с. Македонци',626),(6855,'с. Мартино',626),(6856,'с. Миладиново',626),(6857,'с. Мост',626),(6858,'с. Мургово',626),(6859,'с. Мъдрец',772),(6860,'с. Ненково',626),(6861,'с. Опълченско',626),(6862,'с. Орешница',626),(6863,'с. Островица',626),(6864,'с. Охлювец',626),(6865,'с. Панчево',626),(6866,'с. Пеньово',626),(6867,'с. Пепелище',626),(6868,'с. Перперек',626),(6869,'с. Петлино',626),(6870,'с. Повет',626),(6871,'с. Прилепци',626),(6872,'с. Пропаст',626),(6873,'с. Пъдарци',626),(6874,'с. Рани лист',626),(6875,'с. Резбарци',626),(6876,'с. Ридово',626),(6877,'с. Сватбаре',626),(6878,'с. Севдалина',626),(6879,'с. Седловина',626),(6880,'с. Сестринско',626),(6881,'с. Сипей',626),(6882,'с. Скалище',626),(6883,'с. Скална глава',626),(6884,'с. Скърбино',626),(6885,'с. Снежинка',626),(6886,'с. Соколско',626),(6887,'с. Соколяне',626),(6888,'с. Солище',626),(6889,'с. Срединка',626),(6890,'с. Старо място',626),(6891,'с. Стражевци',626),(6892,'с. Страхил войвода',626),(6893,'с. Стремово',626),(6894,'с. Стремци',626),(6895,'с. Татково',626),(6896,'с. Тополчане',730),(6897,'с. Три могили',686),(6898,'с. Ходжовци',626),(6899,'с. Чеганци',626),(6900,'с. Черешица',626),(6901,'с. Черна скала',626),(6902,'с. Черньовци',626),(6903,'с. Чилик',626),(6904,'с. Широко поле',626),(6905,'с. Яребица',723),(6906,'с. Ястреб',626),(6907,'с. Ауста',627),(6908,'с. Багрянка',627),(6909,'с. Балабаново',627),(6910,'с. Биволяне',627),(6911,'с. Врело',627),(6912,'с. Върхари',627),(6913,'с. Горско Дюлево',627),(6914,'с. Груево',627),(6915,'с. Гургулица',627),(6916,'с. Девинци',627),(6917,'с. Джелепско',627),(6918,'с. Друмче',627),(6919,'с. Загорско',627),(6920,'с. Звездел',627),(6921,'с. Каменец',809),(6922,'с. Карамфил',627),(6923,'с. Конче',627),(6924,'с. Кос',627),(6925,'с. Кременец',627),(6926,'с. Лале',627),(6927,'с. Летовник',627),(6928,'с. Манчево',627),(6929,'с. Момина сълза',627),(6930,'гр. Момчилград',627),(6931,'с. Нановица',627),(6932,'с. Неофит Бозвелиево',627),(6933,'с. Обичник',627),(6934,'с. Пазарци',627),(6935,'с. Пиявец',627),(6936,'с. Плешинци',627),(6937,'с. Постник',627),(6938,'с. Прогрес',627),(6939,'с. Птичар',627),(6940,'с. Равен',627),(6941,'с. Ралица',785),(6942,'с. Садовица',627),(6943,'с. Седефче',627),(6944,'с. Седлари',627),(6945,'с. Сенце',627),(6946,'с. Синделци',627),(6947,'с. Соколино',627),(6948,'с. Сярци',627),(6949,'с. Татул',627),(6950,'с. Чобанка',627),(6951,'с. Чомаково',627),(6952,'с. Юнаци',627),(6953,'с. Бакалите',628),(6954,'с. Бедрово',628),(6955,'с. Безводно',628),(6956,'с. Бели вир',628),(6957,'с. Беснурка',628),(6958,'с. Божурци',628),(6959,'с. Боровско',628),(6960,'с. Босилица',628),(6961,'с. Бостанци',628),(6962,'с. Бърза река',628),(6963,'с. Верско',628),(6964,'с. Водач',628),(6965,'с. Вождово',628),(6966,'с. Войново',724),(6967,'с. Възел',628),(6968,'с. Даскалово',628),(6969,'с. Душка',628),(6970,'с. Дядовско',628),(6971,'с. Женда',628),(6972,'с. Йончово',628),(6973,'с. Каняк',628),(6974,'с. Комунига',628),(6975,'с. Копитник',628),(6976,'с. Куцово',628),(6977,'с. Минзухар',628),(6978,'с. Мурга',628),(6979,'с. Небеска',628),(6980,'с. Нови пазар',628),(6981,'с. Новоселище',628),(6982,'с. Ночево',628),(6983,'с. Паничково',628),(6984,'с. Патица',628),(6985,'с. Петелово',628),(6986,'с. Пряпорец',779),(6987,'с. Русалина',628),(6988,'с. Свободиново',628),(6989,'с. Соколите',628),(6990,'с. Среднево',628),(6991,'с. Средска',628),(6992,'с. Стражница',628),(6993,'с. Черна нива',628),(6994,'с. Черноочене',628),(6995,'с. Ябълчени',628),(6996,'с. Яворово',779),(6997,'с. Бабино',629),(6998,'с. Бабинска река',629),(6999,'с. Блато',629),(7000,'гр. Бобов дол',629),(7001,'с. Голема Фуча',629),(7002,'с. Големо село',629),(7003,'с. Голям Върбовник',629),(7004,'с. Горна Козница',629),(7005,'с. Долистово',629),(7006,'с. Коркина',629),(7007,'с. Локвата',629),(7008,'с. Мала Фуча',629),(7009,'с. Мали Върбовник',629),(7010,'с. Мало село',629),(7011,'с. Мламолово',629),(7012,'с. Новоселяне',629),(7013,'с. Паничарево',629),(7014,'с. Шатрово',629),(7015,'с. Бадино',630),(7016,'с. Блажиево',630),(7017,'гр. Бобошево',630),(7018,'с. Висока могила',630),(7019,'с. Вуково',630),(7020,'с. Доброво',630),(7021,'с. Каменик',630),(7022,'с. Скрино',630),(7023,'с. Слатино',671),(7024,'с. Сопово',630),(7025,'с. Усойка',630),(7026,'с. Циклово',630),(7027,'с. Баланово',631),(7028,'с. Блатино',631),(7029,'с. Грамаде',739),(7030,'с. Делян',744),(7031,'с. Джерман',631),(7032,'гр. Дупница',631),(7033,'с. Дяково',631),(7034,'с. Крайни дол',631),(7035,'с. Крайници',631),(7036,'с. Кременик',631),(7037,'с. Палатово',631),(7038,'с. Пиперево',631),(7039,'с. Самораново',631),(7040,'с. Червен брег',631),(7041,'с. Яхиново',631),(7042,'с. Бараково',632),(7043,'с. Боровец',632),(7044,'с. Бураново',632),(7045,'с. Драгодан',632),(7046,'гр. Кочериново',632),(7047,'с. Мурсалево',632),(7048,'с. Пороминово',632),(7049,'с. Стоб',632),(7050,'с. Фролош',632),(7051,'с. Цървище',632),(7052,'с. Багренци',633),(7053,'с. Берсин',633),(7054,'с. Блатец',730),(7055,'с. Бобешино',633),(7056,'с. Богослов',633),(7057,'с. Буново',759),(7058,'с. Вратца',633),(7059,'с. Гирчевци',633),(7060,'с. Горна Брестница',633),(7061,'с. Горна Гращица',633),(7062,'с. Горно Уйно',633),(7063,'с. Грамаждано',633),(7064,'с. Граница',633),(7065,'с. Гурбановци',633),(7066,'с. Гърбино',633),(7067,'с. Гърляно',633),(7068,'с. Гюешево',633),(7069,'с. Дворище',771),(7070,'с. Дождевица',633),(7071,'с. Долна Гращица',633),(7072,'с. Долно село',633),(7073,'с. Долно Уйно',633),(7074,'с. Драговищица',758),(7075,'с. Жабокрът',633),(7076,'с. Жеравино',633),(7077,'с. Жиленци',633),(7078,'с. Каменичка Скакавица',633),(7079,'с. Катрище',633),(7080,'с. Коняво',633),(7081,'с. Копиловци',651),(7082,'с. Коприва',633),(7083,'с. Кутугерци',633),(7084,'с. Кършалево',633),(7085,'гр. Кюстендил',633),(7086,'с. Лелинци',633),(7087,'с. Леска',737),(7088,'с. Лисец',762),(7089,'с. Лозно',633),(7090,'с. Мазарачево',633),(7091,'с. Николичевци',633),(7092,'с. Нови чифлик',633),(7093,'с. Пиперков чифлик',633),(7094,'с. Полетинци',633),(7095,'с. Полска Скакавица',633),(7096,'с. Преколница',633),(7097,'с. Радловци',633),(7098,'с. Раждавица',633),(7099,'с. Раненци',633),(7100,'с. Режинци',633),(7101,'с. Ръсово',633),(7102,'с. Савойски',633),(7103,'с. Сажденик',633),(7104,'с. Скриняно',633),(7105,'с. Слокощица',633),(7106,'с. Соволяно',633),(7107,'с. Стенско',633),(7108,'с. Таваличево',633),(7109,'с. Търновлаг',633),(7110,'с. Търсино',633),(7111,'с. Церовица',633),(7112,'с. Црешново',633),(7113,'с. Цървена ябълка',633),(7114,'с. Цървендол',633),(7115,'с. Цървеняно',633),(7116,'с. Чудинци',633),(7117,'с. Шипочано',633),(7118,'с. Шишковци',633),(7119,'с. Ябълково',786),(7120,'с. Ваксево',634),(7121,'с. Ветрен',774),(7122,'с. Длъхчево',634),(7123,'с. Сабляр',634),(7124,'с. Долна Козница',634),(7125,'с. Друмохар',634),(7126,'с. Еремия',634),(7127,'с. Згурово',634),(7128,'с. Илия',634),(7129,'с. Кадровица',634),(7130,'с. Лиляч',634),(7131,'с. Мърводол',634),(7132,'с. Неделкова Гращица',634),(7133,'с. Пастух',634),(7134,'с. Пелатиково',634),(7135,'с. Раково',730),(7136,'с. Рашка Гращица',634),(7137,'с. Смоличано',634),(7138,'с. Страдалово',634),(7139,'с. Тишаново',634),(7140,'с. Църварица',634),(7141,'с. Чеканец',750),(7142,'с. Четирци',634),(7143,'с. Падала',635),(7144,'с. Пастра',635),(7145,'гр. Рила',635),(7146,'с. ман. Рилски манастир',635),(7147,'с. Смочево',635),(7148,'с. Овчарци',778),(7149,'с. Паничище',636),(7150,'с. Ресилово',636),(7151,'гр. Сапарева баня',636),(7152,'с. Сапарево',636),(7153,'с. Брест',676),(7154,'с. Бъзовица',637),(7155,'с. Габрешевци',637),(7156,'с. Горни Коритен',637),(7157,'с. Горно Кобиле',637),(7158,'с. Долни Коритен',637),(7159,'с. Долно Кобиле',637),(7160,'с. Драгойчинци',637),(7161,'с. Злогош',637),(7162,'с. Киселица',637),(7163,'с. Метохия',637),(7164,'с. Побит камък',711),(7165,'с. Средорек',730),(7166,'с. Трекляно',637),(7167,'с. Уши',637),(7168,'с. Чешлянци',637),(7169,'гр. Априлци',638),(7170,'с. Драшкова поляна',638),(7171,'с. Скандалото',638),(7172,'с. Горско Сливово',639),(7173,'с. Крушуна',639),(7174,'с. Кърпачево',639),(7175,'гр. Летница',639),(7176,'с. Баховица',640),(7177,'с. Българене',778),(7178,'с. Владиня',640),(7179,'с. Горан',640),(7180,'с. Горно Павликене',640),(7181,'с. Гостиня',640),(7182,'с. Деветаки',640),(7183,'с. Дойренци',640),(7184,'с. Дренов',640),(7185,'с. Изворче',640),(7186,'с. Йоглав',640),(7187,'с. Казачево',640),(7188,'с. Къкрина',640),(7189,'гр. Ловеч',640),(7190,'с. Малиново',640),(7191,'с. Прелом',640),(7192,'с. Пресяка',640),(7193,'с. Радювене',640),(7194,'с. Скобелево',786),(7195,'с. Славяни',640),(7196,'с. Слатина',726),(7197,'с. Сливек',640),(7198,'с. Смочан',640),(7199,'с. Тепава',640),(7200,'с. Умаревци',640),(7201,'с. Хлевене',640),(7202,'с. Беленци',641),(7203,'с. Дерманци',641),(7204,'с. Дъбен',641),(7205,'с. Карлуково',641),(7206,'гр. Луковит',641),(7207,'с. Петревене',641),(7208,'с. Пещерна',641),(7209,'с. Румянцево',641),(7210,'с. Тодоричене',641),(7211,'с. Торос',641),(7212,'с. Ъглен',641),(7213,'с. Бабинци',642),(7214,'с. Български извор',642),(7215,'с. Васильово',642),(7216,'с. Галата',642),(7217,'с. Глогово',642),(7218,'с. Голям извор',793),(7219,'с. Градежница',642),(7220,'с. Дивчовото',642),(7221,'с. Малка Желязна',642),(7222,'с. Рибарица',752),(7223,'гр. Тетевен',642),(7224,'с. Черни Вит',642),(7225,'с. Балабанско',643),(7226,'с. Балканец',643),(7227,'с. Бели Осъм',643),(7228,'с. Белиш',643),(7229,'с. Борима',643),(7230,'с. Врабево',643),(7231,'с. Голяма Желязна',643),(7232,'с. Горно трапе',643),(7233,'с. Гумощник',643),(7234,'с. Дебнево',643),(7235,'с. Добродан',643),(7236,'с. Дълбок дол',643),(7237,'с. Калейца',643),(7238,'с. Ломец',643),(7239,'с. Патрешко',643),(7240,'гр. Троян',643),(7241,'с. Черни Осъм',643),(7242,'с. Шипково',643),(7243,'с. Василковска махала',644),(7244,'с. Голец',644),(7245,'с. Драгана',644),(7246,'с. Катунец',644),(7247,'с. Киркова махала',644),(7248,'с. Кирчево',644),(7249,'с. Лесидрен',644),(7250,'с. Микре',644),(7251,'с. Орляне',644),(7252,'с. Славщица',644),(7253,'с. Сопот',644),(7254,'гр. Угърчин',644),(7255,'с. Батулци',645),(7256,'с. Голяма Брестница',645),(7257,'с. Дъбравата',645),(7258,'с. Златна Панега',645),(7259,'с. Малък извор',793),(7260,'с. Орешене',723),(7261,'гр. Ябланица',645),(7262,'с. Балювица',646),(7263,'гр. Берковица',646),(7264,'с. Бистрилица',646),(7265,'с. Бокиловци',646),(7266,'с. Боровци',646),(7267,'с. Бързия',646),(7268,'с. Гаганица',646),(7269,'с. Замфирово',646),(7270,'с. Костенци',646),(7271,'с. Котеновци',646),(7272,'с. Мездрея',646),(7273,'с. Песочница',646),(7274,'с. Пърличево',646),(7275,'с. Рашовица',646),(7276,'с. Цветкова бара',646),(7277,'с. Черешовица',646),(7278,'с. Ягодово',701),(7279,'с. Бели брег',647),(7280,'с. Бели брод',647),(7281,'гр. Бойчиновци',647),(7282,'с. Громшин',647),(7283,'с. Ерден',647),(7284,'с. Кобиляк',647),(7285,'с. Лехчево',647),(7286,'с. Мадан',647),(7287,'с. Мърчево',647),(7288,'с. Охрид',647),(7289,'с. Палилула',647),(7290,'с. Портитовци',647),(7291,'гр. Брусарци',648),(7292,'с. Василовци',750),(7293,'с. Дондуково',648),(7294,'с. Дъбова махала',648),(7295,'с. Киселево',648),(7296,'с. Княжева махала',648),(7297,'с. Одоровци',648),(7298,'с. Смирненски',715),(7299,'с. Бъзовец',716),(7300,'гр. Вълчедръм',649),(7301,'с. Горни Цибър',649),(7302,'с. Долни Цибър',649),(7303,'с. Игнатово',649),(7304,'с. Мокреш',797),(7305,'с. Разград',649),(7306,'гр. Вършец',650),(7307,'с. Горна Бела речка',650),(7308,'с. Горно Озирово',650),(7309,'с. Долна Бела речка',650),(7310,'с. Долно Озирово',650),(7311,'с. Драганица',650),(7312,'с. ман. Клисурски манастир',650),(7313,'с. Спанчевци',650),(7314,'с. Черкаски',650),(7315,'с. Видлица',651),(7316,'с. Гаврил Геново',651),(7317,'с. Георги Дамяново',651),(7318,'с. Главановци',674),(7319,'с. Говежда',651),(7320,'с. Дива Слатина',651),(7321,'с. Дълги дел',651),(7322,'с. Еловица',674),(7323,'с. Каменна Рикса',651),(7324,'с. Меляне',651),(7325,'с. Помеждин',651),(7326,'с. Чемиш',651),(7327,'с. Долно Линево',652),(7328,'с. Замфир',652),(7329,'с. Ковачица',652),(7330,'гр. Лом',652),(7331,'с. Орсоя',652),(7332,'с. Сливата',652),(7333,'с. Сталийска махала',652),(7334,'с. Станево',652),(7335,'с. Трайково',652),(7336,'с. Медковец',653),(7337,'с. Пишурка',653),(7338,'с. Расово',653),(7339,'с. Сливовик',653),(7340,'с. Безденица',654),(7341,'с. Белотинци',654),(7342,'с. Благово',806),(7343,'с. Винище',654),(7344,'с. Вирове',654),(7345,'с. Войници',654),(7346,'с. Габровница',763),(7347,'с. Горна Вереница',654),(7348,'с. Горно Церовене',654),(7349,'с. Доктор Йосифово',654),(7350,'с. Долна Вереница',654),(7351,'с. Долна Рикса',654),(7352,'с. Долно Белотинци',654),(7353,'с. Клисурица',654),(7354,'с. Крапчене',654),(7355,'с. Липен',654),(7356,'гр. Монтана',654),(7357,'с. Николово',796),(7358,'с. Славотин',654),(7359,'с. Смоляновци',654),(7360,'с. Стубел',654),(7361,'с. Студено буче',654),(7362,'с. Сумер',654),(7363,'с. Трифоново',654),(7364,'с. Белимел',655),(7365,'с. Горна Ковачица',655),(7366,'с. Горна Лука',655),(7367,'с. Железна',655),(7368,'с. Мартиново',655),(7369,'с. Митровци',655),(7370,'с. Превала',655),(7371,'с. Челюстница',655),(7372,'гр. Чипровци',655),(7373,'с. Долно Церовене',656),(7374,'с. Дългоделци',656),(7375,'с. Комощица',656),(7376,'с. Якимово',656),(7377,'гр. Батак',657),(7378,'с. Нова махала',775),(7379,'с. Аканджиево',658),(7380,'гр. Белово',658),(7381,'с. Габровица',658),(7382,'с. Голямо Белово',658),(7383,'с. Дъбравите',658),(7384,'с. Мененкьово',658),(7385,'с. Момина клисура',658),(7386,'с. Сестримо',658),(7387,'гр. Брацигово',659),(7388,'с. Бяга',659),(7389,'с. Жребичко',659),(7390,'с. Исперихово',659),(7391,'с. Козарско',659),(7392,'с. Равногор',659),(7393,'с. Розово',773),(7394,'с. Алендарова',660),(7395,'с. Биркова',660),(7396,'с. Бозьова',660),(7397,'с. Бутрева',660),(7398,'гр. Велинград',660),(7399,'с. Враненци',660),(7400,'с. Всемирци',660),(7401,'с. Горна Биркова',660),(7402,'с. Горна Дъбева',660),(7403,'с. Грашево',660),(7404,'с. Долна Дъбева',660),(7405,'с. Драгиново',660),(7406,'с. Кандови',660),(7407,'с. Кръстава',660),(7408,'с. Пашови',660),(7409,'с. Рохлева',660),(7410,'с. Света Петка',660),(7411,'с. Цветино',660),(7412,'с. Чолакова',660),(7413,'с. Юндола',660),(7414,'с. Боримечково',661),(7415,'с. Динката',661),(7416,'с. Калугерово',792),(7417,'с. Лесичово',661),(7418,'с. Памидово',661),(7419,'с. Щърково',661),(7420,'с. Алеко Константиново',662),(7421,'с. Братаница',662),(7422,'с. Гелеменово',662),(7423,'с. Главиница',662),(7424,'с. Говедаре',662),(7425,'с. Дебръщица',662),(7426,'с. Добровница',662),(7427,'с. Драгор',662),(7428,'с. Звъничево',662),(7429,'с. Ивайло',662),(7430,'с. Крали Марко',662),(7431,'с. Мало Конаре',662),(7432,'с. Мирянци',662),(7433,'с. Мокрище',662),(7434,'с. Овчеполци',662),(7435,'гр. Пазарджик',662),(7436,'с. Паталеница',662),(7437,'с. Пищигово',662),(7438,'с. Сарая',662),(7439,'с. Синитово',662),(7440,'с. Тополи дол',662),(7441,'с. Хаджиево',662),(7442,'с. Цар Асен',784),(7443,'с. Црънча',735),(7444,'с. Черногорово',786),(7445,'с. Юнаците',662),(7446,'с. Бъта',663),(7447,'с. Елшица',663),(7448,'гр. Панагюрище',663),(7449,'с. Панагюрски колонии',663),(7450,'с. Поибрене',663),(7451,'с. Попинци',663),(7452,'с. Сребриново',663),(7453,'с. Капитан Димитриево',664),(7454,'гр. Пещера',664),(7455,'с. Радилово',664),(7456,'с. Дорково',665),(7457,'гр. Костандово',665),(7458,'гр. Ракитово',665),(7459,'с. Бошуля',666),(7460,'гр. Ветрен',666),(7461,'с. Ветрен дол',666),(7462,'с. Виноградец',666),(7463,'с. Горно вършило',666),(7464,'с. Долно вършило',666),(7465,'с. Злокучене',762),(7466,'с. Карабунар',666),(7467,'с. Семчиново',666),(7468,'гр. Септември',666),(7469,'с. Симеоновец',666),(7470,'с. Славовица',677),(7471,'с. Блатница',667),(7472,'с. Смилец',725),(7473,'гр. Стрелча',667),(7474,'с. Медени поляни',668),(7475,'гр. Сърница',668),(7476,'с. Арзан',669),(7477,'с. Бабица',669),(7478,'с. Банище',669),(7479,'с. Бегуновци',669),(7480,'с. Билинци',669),(7481,'гр. Брезник',669),(7482,'с. Брезнишки извор',669),(7483,'с. Брусник',669),(7484,'с. Видрица',669),(7485,'с. Гигинци',669),(7486,'с. Гоз',669),(7487,'с. Горна Секирна',669),(7488,'с. Горни Романци',669),(7489,'с. Гърло',669),(7490,'с. Долна Секирна',669),(7491,'с. Долни Романци',669),(7492,'с. Душинци',669),(7493,'с. Завала',669),(7494,'с. Конска',669),(7495,'с. Кошарево',669),(7496,'с. Красава',669),(7497,'с. Кривонос',669),(7498,'с. Муртинци',669),(7499,'с. Непразненци',669),(7500,'с. Ноевци',669),(7501,'с. Озърновци',669),(7502,'с. Ребро',669),(7503,'с. Режанци',669),(7504,'с. Ръжавец',669),(7505,'с. Садовик',669),(7506,'с. Слаковци',669),(7507,'с. Сопица',669),(7508,'с. Станьовци',669),(7509,'с. Ярославци',669),(7510,'с. Беренде',750),(7511,'с. Блатешница',670),(7512,'с. Враня стена',670),(7513,'с. Габровдол',670),(7514,'с. Горна Врабча',670),(7515,'с. Горна Глоговица',670),(7516,'с. Дивля',670),(7517,'с. Долна Врабча',670),(7518,'с. Еловдол',670),(7519,'с. Жабляно',670),(7520,'гр. Земен',670),(7521,'с. Калотинци',670),(7522,'с. Мурено',670),(7523,'с. Одраница',670),(7524,'с. Падине',670),(7525,'с. Пещера',740),(7526,'с. Раянци',670),(7527,'с. Смиров дол',670),(7528,'с. Егълница',671),(7529,'с. Калище',671),(7530,'с. Ковачевци',762),(7531,'с. Косача',671),(7532,'с. Лобош',671),(7533,'с. Ракиловци',671),(7534,'с. Светля',671),(7535,'с. Сирищник',671),(7536,'с. Чепино',671),(7537,'гр. Батановци',672),(7538,'с. Богданов дол',672),(7539,'с. Боснек',672),(7540,'с. Вискяр',672),(7541,'с. Витановци',672),(7542,'с. Големо Бучино',672),(7543,'с. Дивотино',672),(7544,'с. Драгичево',672),(7545,'с. Зидарци',672),(7546,'с. Кладница',672),(7547,'с. Кралев дол',672),(7548,'с. Люлин',809),(7549,'с. Мещица',672),(7550,'гр. Перник',672),(7551,'с. Радуй',672),(7552,'с. Расник',672),(7553,'с. Рударци',672),(7554,'с. Селищен дол',672),(7555,'с. Студена',791),(7556,'с. Черна гора',770),(7557,'с. Чуйпетлово',672),(7558,'с. Ярджиловци',672),(7559,'с. Байкалско',673),(7560,'с. Беланица',673),(7561,'с. Бобораци',673),(7562,'с. Борнарево',673),(7563,'с. Владимир',673),(7564,'с. Горна Диканя',673),(7565,'с. Гълъбник',673),(7566,'с. Дебели лаг',673),(7567,'с. Долна Диканя',673),(7568,'с. Долни Раковец',673),(7569,'с. Дрен',673),(7570,'с. Друган',673),(7571,'с. Жедна',673),(7572,'с. Житуша',673),(7573,'с. Касилаг',673),(7574,'с. Кленовик',673),(7575,'с. Кондофрей',673),(7576,'с. Копаница',673),(7577,'с. Кошарите',673),(7578,'с. Негованци',673),(7579,'с. Поцърненци',673),(7580,'с. Прибой',673),(7581,'с. Радибош',673),(7582,'гр. Радомир',673),(7583,'с. Углярци',673),(7584,'с. Червена могила',673),(7585,'с. Чуковец',721),(7586,'с. Банкя',674),(7587,'с. Берайнци',674),(7588,'с. Богойна',674),(7589,'с. Бохова',674),(7590,'с. Бусинци',674),(7591,'с. Бутроинци',674),(7592,'с. Велиново',674),(7593,'с. Видрар',674),(7594,'с. Врабча',674),(7595,'с. Вукан',674),(7596,'с. Глоговица',674),(7597,'с. Горна Мелна',674),(7598,'с. Горочевци',674),(7599,'с. Джинчовци',674),(7600,'с. Докьовци',674),(7601,'с. Долна Мелна',674),(7602,'с. Дълга лука',674),(7603,'с. Ездимирци',674),(7604,'с. Ерул',674),(7605,'с. Забел',674),(7606,'с. Зелениград',674),(7607,'с. Кожинци',674),(7608,'с. Костуринци',674),(7609,'с. Къшле',674),(7610,'с. Лева река',674),(7611,'с. Лешниковци',674),(7612,'с. Лялинци',674),(7613,'с. Милкьовци',674),(7614,'с. Милославци',674),(7615,'с. Мракетинци',674),(7616,'с. Мрамор',794),(7617,'с. Насалевци',674),(7618,'с. Неделково',674),(7619,'с. Парамун',674),(7620,'с. Пенкьовци',674),(7621,'с. Проданча',674),(7622,'с. Радово',674),(7623,'с. Рани луг',674),(7624,'с. Реяновци',674),(7625,'с. Слишовци',674),(7626,'с. Стайчовци',674),(7627,'с. Стрезимировци',674),(7628,'с. Студен извор',674),(7629,'гр. Трън',674),(7630,'с. Туроковци',674),(7631,'с. Филиповци',674),(7632,'с. Цегриловци',674),(7633,'с. Шипковица',674),(7634,'с. Ярловци',674),(7635,'гр. Белене',675),(7636,'с. Деков',675),(7637,'с. Кулина вода',675),(7638,'с. Петокладенци',675),(7639,'с. Татари',675),(7640,'с. Гиген',676),(7641,'гр. Гулянци',676),(7642,'с. Долни Вит',676),(7643,'с. Дъбован',676),(7644,'с. Загражден',732),(7645,'с. Ленково',676),(7646,'с. Милковица',676),(7647,'с. Сомовит',676),(7648,'с. Шияково',676),(7649,'с. Байкал',677),(7650,'с. Биволаре',677),(7651,'с. Божурица',677),(7652,'с. Брегаре',677),(7653,'с. Горна Митрополия',677),(7654,'с. Гостиля',677),(7655,'гр. Долна Митрополия',677),(7656,'с. Крушовене',677),(7657,'с. Ореховица',677),(7658,'с. Подем',677),(7659,'с. Рибен',677),(7660,'с. Ставерци',677),(7661,'гр. Тръстеник',677),(7662,'с. Бъркач',678),(7663,'с. Горни Дъбник',678),(7664,'с. Градина',710),(7665,'гр. Долни Дъбник',678),(7666,'с. Петърница',678),(7667,'с. Садовец',678),(7668,'с. Долни Луковит',679),(7669,'гр. Искър',679),(7670,'с. Староселци',679),(7671,'с. Бреница',727),(7672,'с. Еница',680),(7673,'гр. Кнежа',680),(7674,'с. Лазарово',680),(7675,'с. Асеновци',681),(7676,'с. Божурлук',681),(7677,'с. Варана',681),(7678,'с. Козар Белене',681),(7679,'гр. Левски',681),(7680,'с. Малчика',681),(7681,'с. Обнова',681),(7682,'с. Стежерово',681),(7683,'с. Трънчовица',681),(7684,'с. Бацова махала',682),(7685,'с. Въбел',682),(7686,'с. Дебово',682),(7687,'с. Драгаш войвода',682),(7688,'с. Евлогиево',682),(7689,'с. Жернов',682),(7690,'с. Любеново',796),(7691,'с. Муселиево',682),(7692,'гр. Никопол',682),(7693,'с. Новачене',745),(7694,'с. Санадиново',682),(7695,'с. Черковица',682),(7696,'с. Беглеж',683),(7697,'с. Бохот',683),(7698,'с. Брестовец',683),(7699,'с. Бръшляница',683),(7700,'с. Буковлък',683),(7701,'с. Горталово',683),(7702,'с. Гривица',683),(7703,'с. Дисевица',683),(7704,'с. Коиловци',683),(7705,'с. Къртожабене',683),(7706,'с. Къшин',683),(7707,'с. Ласкар',683),(7708,'с. Мечка',717),(7709,'с. Пелишат',683),(7710,'гр. Плевен',683),(7711,'с. Радишево',683),(7712,'с. Ралево',683),(7713,'гр. Славяново',683),(7714,'с. Тодорово',708),(7715,'с. Тученица',683),(7716,'с. Търнене',683),(7717,'с. Борислав',684),(7718,'с. Вълчитрън',684),(7719,'с. Згалево',684),(7720,'с. Катерица',684),(7721,'с. Одърне',684),(7722,'гр. Пордим',684),(7723,'с. Тотлебен',684),(7724,'с. Бресте',685),(7725,'с. Глава',685),(7726,'с. Горник',685),(7727,'с. Девенци',685),(7728,'гр. Койнаре',685),(7729,'с. Лепица',685),(7730,'с. Радомирци',685),(7731,'с. Ракита',764),(7732,'с. Реселец',685),(7733,'с. Сухаче',685),(7734,'с. Телиш',685),(7735,'гр. Червен бряг',685),(7736,'с. Чомаковци',685),(7737,'гр. Асеновград',686),(7738,'с. Бачково',686),(7739,'с. Бор',686),(7740,'с. Боянци',686),(7741,'с. Врата',686),(7742,'с. Горнослав',686),(7743,'с. Добростан',686),(7744,'с. Долнослав',686),(7745,'с. Жълт камък',686),(7746,'с. Златовръх',686),(7747,'с. Избеглии',686),(7748,'с. Козаново',686),(7749,'с. Конуш',796),(7750,'с. Леново',686),(7751,'с. Мостово',686),(7752,'с. Мулдава',686),(7753,'с. Нареченски бани',686),(7754,'с. Нови извор',686),(7755,'с. Патриарх Евтимово',686),(7756,'с. Сини връх',686),(7757,'с. Стоево',686),(7758,'с. Тополово',789),(7759,'с. Узуново',686),(7760,'с. Червен',717),(7761,'с. Бабек',687),(7762,'с. Борец',687),(7763,'гр. Брезово',687),(7764,'с. Златосел',687),(7765,'с. Отец Кирилово',687),(7766,'с. Пъдарско',687),(7767,'с. Розовец',687),(7768,'с. Свежен',687),(7769,'с. Стрелци',728),(7770,'с. Сърнегор',687),(7771,'с. Тюркмен',687),(7772,'с. Чехларе',687),(7773,'с. Чоба',687),(7774,'с. Бегово',688),(7775,'с. Главатар',688),(7776,'с. Горна махала',688),(7777,'с. Долна махала',688),(7778,'с. Дуванлии',688),(7779,'с. Иван Вазово',688),(7780,'с. Калояново',730),(7781,'с. Отец Паисиево',688),(7782,'с. Ръжево',688),(7783,'с. Ръжево Конаре',688),(7784,'с. Сухозем',688),(7785,'с. Черноземен',688),(7786,'гр. Баня',689),(7787,'с. Бегунци',689),(7788,'с. Васил Левски',785),(7789,'с. Ведраре',689),(7790,'с. Войнягово',689),(7791,'с. Горни Домлян',689),(7792,'с. Домлян',689),(7793,'с. Дъбене',689),(7794,'с. Иганово',689),(7795,'гр. Калофер',689),(7796,'с. Каравелово',810),(7797,'гр. Карлово',689),(7798,'с. Климент',800),(7799,'гр. Клисура',689),(7800,'с. Куртово',689),(7801,'с. Кърнаре',689),(7802,'с. Московец',689),(7803,'с. Мраченик',689),(7804,'с. Певците',689),(7805,'с. Пролом',689),(7806,'с. Розино',787),(7807,'с. Соколица',689),(7808,'с. Столетово',776),(7809,'с. Христо Даново',689),(7810,'с. Добралък',692),(7811,'гр. Куклен',692),(7812,'с. Цар Калоян',692),(7813,'с. Яврово',692),(7814,'с. Балкан махала',693),(7815,'с. Джурково',693),(7816,'с. Дряново',810),(7817,'с. Лъкавица',693),(7818,'гр. Лъки',693),(7819,'с. Югово',693),(7820,'с. Войводиново',694),(7821,'с. Войсил',694),(7822,'с. Граф Игнатиево',694),(7823,'с. Динк',694),(7824,'с. Желязно',694),(7825,'с. Калековец',694),(7826,'с. Костиево',694),(7827,'с. Крислово',694),(7828,'с. Маноле',694),(7829,'с. Манолско Конаре',694),(7830,'с. Радиново',694),(7831,'с. Рогош',694),(7832,'с. Скутаре',694),(7833,'с. Строево',694),(7834,'с. Трилистник',694),(7835,'с. Труд',694),(7836,'с. Царацово',694),(7837,'с. Ясно поле',694),(7838,'с. Брягово',796),(7839,'с. Виница',699),(7840,'с. Воден',807),(7841,'с. Драгойново',699),(7842,'с. Дълбок извор',699),(7843,'с. Караджалово',699),(7844,'с. Поройна',699),(7845,'с. Православен',699),(7846,'гр. Първомай',699),(7847,'с. Татарево',790),(7848,'с. Белозем',700),(7849,'с. Болярино',700),(7850,'с. Момино село',700),(7851,'гр. Раковски',700),(7852,'с. Стряма',700),(7853,'с. Чалъкови',700),(7854,'с. Шишманци',700),(7855,'с. Белащица',701),(7856,'с. Бойково',701),(7857,'с. Браниполе',701),(7858,'с. Брестник',701),(7859,'с. Брестовица',714),(7860,'с. Дедово',701),(7861,'с. Златитрап',701),(7862,'с. Кадиево',701),(7863,'с. Лилково',701),(7864,'с. Марково',801),(7865,'с. Оризари',731),(7866,'с. Първенец',809),(7867,'с. Ситово',807),(7868,'с. Устина',701),(7869,'с. Храбрино',701),(7870,'с. Цалапица',701),(7871,'с. Чурен',701),(7872,'с. Ахматово',702),(7873,'с. Богданица',702),(7874,'с. Караджово',702),(7875,'с. Катуница',702),(7876,'с. Кочево',702),(7877,'с. Милево',702),(7878,'с. Моминско',702),(7879,'с. Поповица',702),(7880,'гр. Садово',702),(7881,'с. Селци',702),(7882,'с. Чешнегирово',702),(7883,'с. Анево',703),(7884,'гр. Сопот',703),(7885,'с. Йоаким Груево',704),(7886,'с. Куртово Конаре',704),(7887,'гр. Стамболийски',704),(7888,'с. Триводици',704),(7889,'с. Голям чардак',705),(7890,'с. Драгомир',705),(7891,'с. Любен',726),(7892,'с. Малък чардак',705),(7893,'с. Найден Герово',705),(7894,'с. Неделево',705),(7895,'с. Правище',705),(7896,'гр. Съединение',705),(7897,'с. Царимир',705),(7898,'с. Церетелево',705),(7899,'с. Беловица',706),(7900,'с. Красново',706),(7901,'с. Кръстевич',706),(7902,'с. Мало Крушево',706),(7903,'с. Михилци',706),(7904,'с. Мътеница',706),(7905,'с. Ново Железаре',706),(7906,'с. Паничери',706),(7907,'с. Старо Железаре',706),(7908,'с. Старосел',706),(7909,'гр. Хисаря',706),(7910,'с. Брестовене',707),(7911,'с. Веселец',782),(7912,'гр. Завет',707),(7913,'с. Иван Шишманово',707),(7914,'с. Острово',707),(7915,'с. Прелез',707),(7916,'с. Сушево',707),(7917,'с. Белинци',708),(7918,'с. Бърдоква',708),(7919,'с. Вазово',708),(7920,'с. Голям Поровец',708),(7921,'с. Драгомъж',708),(7922,'с. Духовец',708),(7923,'гр. Исперих',708),(7924,'с. Йонково',708),(7925,'с. Китанчево',708),(7926,'с. Къпиновци',708),(7927,'с. Лудогорци',708),(7928,'с. Лъвино',708),(7929,'с. Малко Йонково',708),(7930,'с. Малък Поровец',708),(7931,'с. Печеница',708),(7932,'с. Подайва',708),(7933,'с. Райнино',708),(7934,'с. Свещари',708),(7935,'с. Средоселци',708),(7936,'с. Старо селище',708),(7937,'с. Яким Груево',708),(7938,'с. Беловец',709),(7939,'с. Бисерци',709),(7940,'с. Горичево',709),(7941,'с. Задруга',709),(7942,'с. Звънарци',709),(7943,'с. Каменово',729),(7944,'гр. Кубрат',709),(7945,'с. Медовене',709),(7946,'с. Мъдрево',709),(7947,'с. Равно',709),(7948,'с. Савин',709),(7949,'с. Севар',709),(7950,'с. Сеслав',709),(7951,'с. Тертер',709),(7952,'с. Точилари',709),(7953,'с. Юпер',709),(7954,'с. Бели Лом',710),(7955,'с. Гороцвет',710),(7956,'с. Крояч',710),(7957,'с. Ловско',710),(7958,'гр. Лозница',710),(7959,'с. Манастирско',710),(7960,'с. Манастирци',710),(7961,'с. Сейдол',710),(7962,'с. Синя вода',710),(7963,'с. Студенец',741),(7964,'с. Трапище',710),(7965,'с. Тръбач',710),(7966,'с. Чудомир',710),(7967,'с. Балкански',711),(7968,'с. Гецово',711),(7969,'с. Дянково',711),(7970,'с. Киченица',711),(7971,'с. Липник',711),(7972,'с. Мортагоново',711),(7973,'с. Недоклан',711),(7974,'с. Осенец',711),(7975,'с. Островче',711),(7976,'с. Пороище',711),(7977,'с. Просторно',711),(7978,'с. Радинград',711),(7979,'гр. Разград',711),(7980,'с. Топчии',711),(7981,'с. Ушинци',711),(7982,'с. Ясеновец',711),(7983,'с. Богданци',722),(7984,'с. Богомилци',712),(7985,'с. Владимировци',712),(7986,'с. Голяма вода',712),(7987,'с. Желязковец',712),(7988,'с. Кара Михал',712),(7989,'с. Кривица',712),(7990,'с. Ножарово',712),(7991,'с. Пчелина',712),(7992,'с. Самуил',712),(7993,'с. Хума',712),(7994,'с. Езерче',713),(7995,'с. Костанденец',713),(7996,'гр. Цар Калоян',713),(7997,'с. Батин',714),(7998,'гр. Борово',714),(7999,'с. Волово',714),(8000,'с. Горно Абланово',714),(8001,'с. Екзарх Йосиф',714),(8002,'с. Обретеник',714),(8003,'с. Бистренци',569),(8004,'с. Босилковци',569),(8005,'с. Ботров',569),(8006,'с. Копривец',569),(8007,'с. Лом Черковна',569),(8008,'с. Пейчиново',569),(8009,'с. Пет кладенци',569),(8010,'с. Полско Косово',569),(8011,'с. Стърмен',569),(8012,'гр. Ветово',715),(8013,'гр. Глоджево',715),(8014,'с. Писанец',715),(8015,'гр. Сеново',715),(8016,'с. Баниска',716),(8017,'с. Батишница',716),(8018,'гр. Две могили',716),(8019,'с. Каран Върбовка',716),(8020,'с. Кацелово',716),(8021,'с. Могилино',716),(8022,'с. Острица',741),(8023,'с. Пепелина',716),(8024,'с. Помен',716),(8025,'с. Чилнов',716),(8026,'с. Широково',716),(8027,'с. Божичен',717),(8028,'с. Кошов',717),(8029,'с. Нисово',717),(8030,'с. Пиргово',717),(8031,'с. Сваленик',717),(8032,'с. Табачка',717),(8033,'с. Тръстеник',717),(8034,'с. Церовец',717),(8035,'с. Щръклево',717),(8036,'с. Басарбово',718),(8037,'с. Бъзън',718),(8038,'с. Долно Абланово',718),(8039,'гр. Мартен',718),(8040,'с. Просена',718),(8041,'гр. Русе',718),(8042,'с. Сандрово',718),(8043,'с. Семерджиево',718),(8044,'с. Тетово',718),(8045,'с. Хотанца',718),(8046,'с. Червена вода',718),(8047,'с. Ястребово',776),(8048,'с. Бабово',719),(8049,'с. Борисово',808),(8050,'с. Бръшлен',719),(8051,'с. Голямо Враново',719),(8052,'с. Кошарна',719),(8053,'с. Малко Враново',719),(8054,'с. Ряхово',719),(8055,'гр. Сливо поле',719),(8056,'с. Юделник',719),(8057,'с. Белцов',720),(8058,'с. Беляново',720),(8059,'с. Долна Студена',720),(8060,'с. Караманово',720),(8061,'с. Кривина',769),(8062,'с. Новград',720),(8063,'с. Пиперково',720),(8064,'с. Ценово',780),(8065,'гр. Алфатар',721),(8066,'с. Бистра',785),(8067,'с. Кутловица',721),(8068,'с. Вълкан',722),(8069,'гр. Главиница',722),(8070,'с. Дичево',722),(8071,'с. Долно Ряхово',722),(8072,'с. Зарица',722),(8073,'с. Зафирово',722),(8074,'с. Звенимир',722),(8075,'с. Зебил',722),(8076,'с. Калугерене',722),(8077,'с. Косара',722),(8078,'с. Малък Преславец',722),(8079,'с. Ножарево',722),(8080,'с. Подлес',722),(8081,'с. Сокол',729),(8082,'с. Черногор',722),(8083,'с. Боил',723),(8084,'с. Вокил',723),(8085,'с. Върбино',723),(8086,'с. Грънчарово',723),(8087,'с. Долец',784),(8088,'гр. Дулово',723),(8089,'с. Златоклас',723),(8090,'с. Козяк',723),(8091,'с. Колобър',723),(8092,'с. Межден',723),(8093,'с. Овен',723),(8094,'с. Окорш',723),(8095,'с. Паисиево',723),(8096,'с. Полковник Таслаково',723),(8097,'с. Поройно',781),(8098,'с. Прохлада',723),(8099,'с. Раздел',808),(8100,'с. Руйно',723),(8101,'с. Секулово',723),(8102,'с. Черник',723),(8103,'с. Чернолик',723),(8104,'с. Голеш',746),(8105,'с. Давидово',785),(8106,'с. Добруджанка',724),(8107,'с. Зарник',724),(8108,'с. Кайнарджа',724),(8109,'с. Каменци',724),(8110,'с. Краново',724),(8111,'с. Полковник Чолаково',724),(8112,'с. Попрусаново',724),(8113,'с. Посев',724),(8114,'с. Светослав',793),(8115,'с. Средище',724),(8116,'с. Стрелково',724),(8117,'с. Айдемир',725),(8118,'с. Бабук',725),(8119,'с. Богорово',809),(8120,'с. Брадвари',725),(8121,'с. Българка',725),(8122,'с. Главан',772),(8123,'с. Йорданово',725),(8124,'с. Казимир',725),(8125,'с. Калипетрово',725),(8126,'с. Полковник Ламбриново',725),(8127,'с. Попкралево',725),(8128,'с. Професор Иширково',725),(8129,'гр. Силистра',725),(8130,'с. Срацимир',725),(8131,'с. Сребърна',725),(8132,'с. Сърпово',725),(8133,'с. Ценович',725),(8134,'с. Босна',726),(8135,'с. Добротица',781),(8136,'с. Ирник',726),(8137,'с. Нова Попина',726),(8138,'с. Поляна',809),(8139,'с. Попина',726),(8140,'с. Ястребна',726),(8141,'с. Варненци',727),(8142,'с. Дунавец',727),(8143,'с. Нова Черна',727),(8144,'с. Пожарево',744),(8145,'с. Преславци',727),(8146,'с. Сяново',727),(8147,'гр. Тутракан',727),(8148,'с. Цар Самуил',727),(8149,'с. Царев дол',727),(8150,'с. Шуменци',727),(8151,'с. Боринци',728),(8152,'с. Братан',728),(8153,'с. Дъбова',739),(8154,'с. Жеравна',728),(8155,'с. Катунище',728),(8156,'с. Кипилово',728),(8157,'гр. Котел',728),(8158,'с. Малко село',728),(8159,'с. Медвен',728),(8160,'с. Мокрен',728),(8161,'с. Орлово',796),(8162,'с. Остра могила',779),(8163,'с. Пъдарево',728),(8164,'с. Седларево',728),(8165,'с. Соколарци',728),(8166,'с. Тича',728),(8167,'с. Топузево',728),(8168,'с. Филаретово',728),(8169,'с. Ябланово',728),(8170,'с. Асеновец',729),(8171,'с. Бял кладенец',793),(8172,'с. Графитово',729),(8173,'с. Дядово',729),(8174,'с. Езеро',729),(8175,'с. Коньово',729),(8176,'с. Кортен',729),(8177,'с. Крива круша',729),(8178,'с. Любенец',729),(8179,'с. Любенова махала',729),(8180,'с. Млекарево',729),(8181,'с. Научене',729),(8182,'гр. Нова Загора',729),(8183,'с. Новоселец',729),(8184,'с. Омарчево',800),(8185,'с. Пет могили',802),(8186,'с. Питово',729),(8187,'с. Полско Пъдарево',729),(8188,'с. Прохорово',729),(8189,'с. Радецки',729),(8190,'с. Стоил войвода',729),(8191,'с. Събрано',729),(8192,'с. Съдийско поле',729),(8193,'с. Ценино',729),(8194,'с. Биково',730),(8195,'с. Бинкос',730),(8196,'с. Божевци',730),(8197,'с. Бозаджии',730),(8198,'с. Бяла',730),(8199,'с. Гавраилово',730),(8200,'с. Гергевец',730),(8201,'с. Глуфишево',730),(8202,'с. Глушник',730),(8203,'с. Голямо Чочовени',730),(8204,'с. Горно Александрово',730),(8205,'с. Градско',730),(8206,'с. Драгоданово',730),(8207,'с. Желю войвода',730),(8208,'с. Зайчари',730),(8209,'с. Злати войвода',730),(8210,'с. Ичера',730),(8211,'гр. Кермен',730),(8212,'с. Ковачите',730),(8213,'с. Крушаре',730),(8214,'с. Малко Чочовени',730),(8215,'с. Мечкарево',730),(8216,'с. Младово',730),(8217,'с. Новачево',730),(8218,'с. Панаретовци',730),(8219,'с. Селиминово',730),(8220,'гр. Сливен',730),(8221,'с. Сотиря',730),(8222,'с. Стара река',810),(8223,'с. Трапоклово',730),(8224,'с. Чинтулово',730),(8225,'с. Чокоба',730),(8226,'с. Близнец',731),(8227,'с. Боров дол',731),(8228,'с. Бяла паланка',731),(8229,'с. Жълт бряг',731),(8230,'с. Сборище',731),(8231,'с. Сърцево',731),(8232,'гр. Твърдица',731),(8233,'с. Червенаково',731),(8234,'гр. Шивачево',731),(8235,'с. Баните',732),(8236,'с. Вишнево',732),(8237,'с. Вълчан дол',732),(8238,'с. Глогино',732),(8239,'с. Давидково',732),(8240,'с. Две тополи',732),(8241,'с. Дебеляново',732),(8242,'с. Дрянка',732),(8243,'с. Кръстатица',732),(8244,'с. Малка Арда',732),(8245,'с. Малко Крушево',732),(8246,'с. Оряховец',732),(8247,'с. Планинско',732),(8248,'с. Рибен дол',732),(8249,'с. Сливка',732),(8250,'с. Стърница',732),(8251,'с. Траве',732),(8252,'с. Борино',733),(8253,'с. Буйново',785),(8254,'с. Кожари',733),(8255,'с. Чала',733),(8256,'с. Ягодина',733),(8257,'с. Беден',734),(8258,'с. Брезе',763),(8259,'с. Водни пад',734),(8260,'с. Грохотно',734),(8261,'с. Гьоврен',734),(8262,'гр. Девин',734),(8263,'с. Жребево',734),(8264,'с. Кестен',734),(8265,'с. Михалково',734),(8266,'с. Селча',734),(8267,'с. Стоманево',734),(8268,'с. Тешел',734),(8269,'с. Триград',734),(8270,'с. Чуруково',734),(8271,'с. Барутин',735),(8272,'с. Бръщен',735),(8273,'гр. Доспат',735),(8274,'с. Змеица',735),(8275,'с. Късак',735),(8276,'с. Любча',735),(8277,'с. Чавдар',735),(8278,'с. Аламовци',736),(8279,'с. Ерма река',736),(8280,'гр. Златоград',736),(8281,'с. Кушла',736),(8282,'с. Мързян',736),(8283,'с. Пресока',736),(8284,'с. Старцево',736),(8285,'с. Страшимир',736),(8286,'с. Фабрика',736),(8287,'с. Цацаровци',750),(8288,'с. Арпаджик',737),(8289,'с. Борика',754),(8290,'с. Бориново',737),(8291,'с. Боровина',737),(8292,'с. Букова поляна',737),(8293,'с. Вехтино',737),(8294,'с. Високите',737),(8295,'с. Вранинци',737),(8296,'с. Върбина',737),(8297,'с. Въргов дол',737),(8298,'с. Габрина',737),(8299,'с. Галище',737),(8300,'с. Дирало',737),(8301,'с. Долие',737),(8302,'с. Касапско',737),(8303,'с. Кориите',737),(8304,'с. Крайна',738),(8305,'с. Крушев дол',737),(8306,'с. Купен',737),(8307,'с. Лещак',737),(8308,'с. Ливаде',737),(8309,'с. Ловци',737),(8310,'гр. Мадан',737),(8311,'с. Миле',737),(8312,'с. Митовска',737),(8313,'с. Мъглища',737),(8314,'с. Печинска',737),(8315,'с. Равнил',737),(8316,'с. Равнища',737),(8317,'с. Равно нивище',737),(8318,'с. Рустан',737),(8319,'с. Средногорци',737),(8320,'с. Стайчин дол',737),(8321,'с. Тънкото',737),(8322,'с. Уручевци',737),(8323,'с. Цирка',737),(8324,'с. Чурка',737),(8325,'с. Шаренска',737),(8326,'с. Бурево',738),(8327,'с. Върлино',738),(8328,'с. Гърнати',738),(8329,'с. Диманово',738),(8330,'с. Дуня',738),(8331,'с. Еленка',738),(8332,'с. Козарка',738),(8333,'с. Кочани',738),(8334,'с. Кундево',738),(8335,'гр. Неделино',738),(8336,'с. Оградна',738),(8337,'с. Средец',776),(8338,'с. Тънка бара',738),(8339,'с. Боево',739),(8340,'с. Борие',739),(8341,'с. Бреза',739),(8342,'с. Бърчево',739),(8343,'с. Витина',739),(8344,'с. Войкова лъка',739),(8345,'с. Добрева череша',739),(8346,'с. Елховец',739),(8347,'с. Кокорци',739),(8348,'с. Коритата',739),(8349,'с. Мочуре',739),(8350,'с. Оглед',739),(8351,'с. Пловдивци',739),(8352,'с. Равнината',739),(8353,'с. Рибница',739),(8354,'гр. Рудозем',739),(8355,'с. Сопотот',739),(8356,'с. Чепинци',769),(8357,'с. Алиговска',740),(8358,'с. Арда',740),(8359,'с. Баблон',740),(8360,'с. Белев дол',740),(8361,'с. Билянска',740),(8362,'с. Бориково',740),(8363,'с. Бостина',740),(8364,'с. Буката',740),(8365,'с. Букаците',740),(8366,'с. Виево',740),(8367,'с. Влахово',740),(8368,'с. Водата',740),(8369,'с. Вълчан',740),(8370,'с. Габрица',798),(8371,'с. Гела',740),(8372,'с. Гоздевица',740),(8373,'с. Горна Арда',740),(8374,'с. Градът',740),(8375,'с. Гращица',740),(8376,'с. Гудевица',740),(8377,'с. Димово',740),(8378,'с. Дунево',740),(8379,'с. Еленска',740),(8380,'с. Ельово',740),(8381,'с. Заевите',740),(8382,'с. Змиево',740),(8383,'с. Исьовци',740),(8384,'с. Катраница',740),(8385,'с. Киселчово',740),(8386,'с. Кокорово',740),(8387,'с. Кошница',740),(8388,'с. Кремене',740),(8389,'с. Кукувица',740),(8390,'с. Кутела',740),(8391,'с. Левочево',740),(8392,'с. Липец',740),(8393,'с. Люлка',740),(8394,'с. Магарджица',740),(8395,'с. Милково',740),(8396,'с. Могилица',740),(8397,'с. Момчиловци',740),(8398,'с. Мугла',740),(8399,'с. Надарци',740),(8400,'с. Остри пазлак',740),(8401,'с. Петково',751),(8402,'с. Писаница',740),(8403,'с. Полковник Серафимово',740),(8404,'с. Попрелка',740),(8405,'с. Потока',740),(8406,'с. Река',740),(8407,'с. Речани',740),(8408,'с. Ровина',740),(8409,'с. Сивино',740),(8410,'с. Славейно',740),(8411,'с. Смилян',740),(8412,'гр. Смолян',740),(8413,'с. Соколовци',740),(8414,'с. Солища',740),(8415,'с. Средок',740),(8416,'с. Стикъл',740),(8417,'с. Стойките',740),(8418,'с. Стража',785),(8419,'с. Тикале',740),(8420,'с. Требище',740),(8421,'с. Турян',740),(8422,'с. Търън',740),(8423,'с. Ухловица',740),(8424,'с. Фатово',740),(8425,'с. Хасовица',740),(8426,'с. Чамла',740),(8427,'с. Чеплетен',740),(8428,'с. Черешките',740),(8429,'с. Черешовска река',740),(8430,'с. Чокманово',740),(8431,'с. Чучур',740),(8432,'с. Широка лъка',740),(8433,'с. Богутево',741),(8434,'с. Забърдо',741),(8435,'с. Лилеково',741),(8436,'с. Малево',796),(8437,'с. Орехово',741),(8438,'с. Павелско',741),(8439,'с. Проглед',741),(8440,'с. Хвойна',741),(8441,'гр. Чепеларе',741),(8442,'гр. Божурище',744),(8443,'с. Гурмазово',744),(8444,'с. Златуша',744),(8445,'с. Мала Раковица',744),(8446,'с. Пролеша',744),(8447,'с. Росоман',744),(8448,'с. Хераково',744),(8449,'с. Храбърско',744),(8450,'с. Боженица',745),(8451,'гр. Ботевград',745),(8452,'с. Врачеш',745),(8453,'с. Елов дол',745),(8454,'с. Краево',745),(8455,'с. Литаково',745),(8456,'с. Радотина',745),(8457,'с. Рашково',745),(8458,'с. Скравена',745),(8459,'с. Трудовец',745),(8460,'с. Бракьовци',746),(8461,'с. Букоровци',746),(8462,'с. Бърля',746),(8463,'с. Връдловци',746),(8464,'с. Върбница',746),(8465,'с. Гинци',746),(8466,'гр. Годеч',746),(8467,'с. Губеш',746),(8468,'с. Каленовци',746),(8469,'с. Комщица',746),(8470,'с. Лопушня',746),(8471,'с. Мургаш',746),(8472,'с. Разбоище',746),(8473,'с. Ропот',746),(8474,'с. Смолча',746),(8475,'с. Станинци',746),(8476,'с. Туден',746),(8477,'с. Шума',746),(8478,'с. Априлово',784),(8479,'с. Байлово',747),(8480,'с. Белопопци',747),(8481,'с. Гайтанево',747),(8482,'с. Горна Малина',747),(8483,'с. Горно Камарци',747),(8484,'с. Долна Малина',747),(8485,'с. Долно Камарци',747),(8486,'с. Макоцево',747),(8487,'с. Негушево',747),(8488,'с. Осоица',747),(8489,'с. Саранци',747),(8490,'с. Стъргел',747),(8491,'с. Чеканчево',747),(8492,'с. Беренде извор',750),(8493,'с. Вишан',750),(8494,'с. Владиславци',750),(8495,'с. Големо Малово',750),(8496,'с. Горно село',750),(8497,'с. Грълска падина',750),(8498,'с. Долна Невля',750),(8499,'с. Долно ново село',770),(8500,'с. Драгоил',750),(8501,'гр. Драгоман',750),(8502,'с. Дреатин',750),(8503,'с. Калотина',750),(8504,'с. Камбелевци',750),(8505,'с. Летница',750),(8506,'с. Липинци',750),(8507,'с. Мало Малово',750),(8508,'с. Начево',750),(8509,'с. Неделище',750),(8510,'с. Несла',750),(8511,'с. Ново бърдо',750),(8512,'с. Прекръсте',750),(8513,'с. Табан',750),(8514,'с. Цръклевци',750),(8515,'с. Чепърлинци',750),(8516,'с. Чорул',750),(8517,'с. Чуковезер',750),(8518,'с. Ялботина',750),(8519,'с. Богданлия',751),(8520,'с. Габра',751),(8521,'с. Голема Раковица',751),(8522,'с. Григорево',751),(8523,'с. Доганово',751),(8524,'с. Елин Пелин',751),(8525,'гр. Елин Пелин',751),(8526,'с. Караполци',751),(8527,'с. Лесново',751),(8528,'с. Мусачево',772),(8529,'с. Нови хан',751),(8530,'с. Потоп',751),(8531,'с. Равно поле',751),(8532,'с. Столник',751),(8533,'с. Чурек',751),(8534,'с. Бойковец',752),(8535,'с. Горунака',752),(8536,'гр. Етрополе',752),(8537,'с. Лопян',752),(8538,'с. Лъга',752),(8539,'с. Малки Искър',752),(8540,'с. Ямна',752),(8541,'гр. Златица',753),(8542,'с. Карлиево',753),(8543,'с. Петрич',753),(8544,'с. Църквище',753),(8545,'с. Бальовци',754),(8546,'с. Банчовци',754),(8547,'с. Богдановци',754),(8548,'с. Боерица',754),(8549,'с. Бузяковци',754),(8550,'с. Бърдо',754),(8551,'с. Вакарел',754),(8552,'с. Венковец',754),(8553,'с. Веринско',754),(8554,'с. Джамузовци',754),(8555,'с. Живково',805),(8556,'гр. Ихтиман',754),(8557,'с. Костадинкино',754),(8558,'с. Любница',754),(8559,'с. Мечковци',754),(8560,'с. Мухово',754),(8561,'с. Нейкьовец',754),(8562,'с. Пановци',754),(8563,'с. Пауново',754),(8564,'с. Полянци',754),(8565,'с. Ръжана',754),(8566,'с. Селянин',754),(8567,'с. Черньово',754),(8568,'с. Голак',757),(8569,'с. Горна Василица',757),(8570,'с. Долна Василица',757),(8571,'с. Костенец',757),(8572,'гр. Костенец',757),(8573,'гр. Момин проход',757),(8574,'с. Очуша',757),(8575,'с. Подгорие',757),(8576,'с. Безден',758),(8577,'с. Богьовци',758),(8578,'с. Бучин проход',758),(8579,'с. Голяновци',758),(8580,'с. Дръмша',758),(8581,'гр. Костинброд',758),(8582,'с. Опицвет',758),(8583,'с. Петърч',758),(8584,'с. Понор',758),(8585,'с. Царичина',758),(8586,'с. Чибаовци',758),(8587,'с. Брестака',759),(8588,'с. Мирково',759),(8589,'с. Плъзище',759),(8590,'с. Смолско',759),(8591,'с. Хвърчил',759),(8592,'с. Черковище',759),(8593,'с. Душанци',760),(8594,'гр. Пирдоп',760),(8595,'с. Видраре',761),(8596,'с. Джурово',761),(8597,'с. Манаселска река',761),(8598,'с. Осиковица',761),(8599,'с. Осиковска Лакавица',761),(8600,'гр. Правец',761),(8601,'с. Правешка Лакавица',761),(8602,'с. Равнище',761),(8603,'с. Разлив',761),(8604,'с. Своде',761),(8605,'с. Алино',762),(8606,'с. Бели Искър',762),(8607,'с. Белчин',762),(8608,'с. Белчински бани',762),(8609,'с. Говедарци',762),(8610,'с. Горни Окол',762),(8611,'с. Гуцал',762),(8612,'с. Долни Окол',762),(8613,'с. Доспей',762),(8614,'с. Драгушиново',762),(8615,'с. Маджаре',762),(8616,'с. Мала църква',762),(8617,'с. Марица',762),(8618,'с. Поповяне',762),(8619,'с. Радуил',762),(8620,'с. Райово',762),(8621,'с. Рельово',762),(8622,'гр. Самоков',762),(8623,'с. Шипочане',762),(8624,'с. Широки дол',762),(8625,'с. Яребковица',762),(8626,'с. Ярлово',762),(8627,'с. Бакьово',763),(8628,'с. Батулия',763),(8629,'с. Бов',763),(8630,'с. Брезовдол',763),(8631,'с. Владо Тричков',763),(8632,'с. Губислав',763),(8633,'с. Добравица',763),(8634,'с. Добърчин',763),(8635,'с. Дружево',763),(8636,'с. Еленов дол',763),(8637,'с. Желен',763),(8638,'с. Завидовци',763),(8639,'с. Заноге',763),(8640,'с. Заселе',763),(8641,'с. Зимевица',763),(8642,'с. Искрец',763),(8643,'с. Лакатник',763),(8644,'с. Левище',763),(8645,'с. Лесковдол',763),(8646,'с. Луково',763),(8647,'с. Миланово',797),(8648,'с. Огоя',763),(8649,'с. Оплетня',763),(8650,'с. Осеновлаг',763),(8651,'с. Реброво',763),(8652,'с. Редина',763),(8653,'с. Свидня',763),(8654,'гр. Своге',763),(8655,'с. Томпсън',763),(8656,'с. Церецел',763),(8657,'с. Ябланица',763),(8658,'с. Алдомировци',764),(8659,'с. Бахалин',764),(8660,'с. Братушково',764),(8661,'с. Бърложница',764),(8662,'с. Гургулят',764),(8663,'с. Гълъбовци',764),(8664,'с. Драготинци',764),(8665,'с. Пищане',764),(8666,'с. Повалиръж',764),(8667,'с. Радуловци',764),(8668,'гр. Сливница',764),(8669,'с. Балша',769),(8670,'гр. Банкя',769),(8671,'с. Бусманци',769),(8672,'гр. Бухово',769),(8673,'с. Владая',769),(8674,'с. Войнеговци',769),(8675,'с. Волуяк',769),(8676,'с. Герман',769),(8677,'с. Горни Богров',769),(8678,'с. Доброславци',769),(8679,'с. Долни Богров',769),(8680,'с. Долни Пасарел',769),(8681,'с. Желява',769),(8682,'с. Иваняне',769),(8683,'с. Казичене',769),(8684,'с. Кокаляне',769),(8685,'с. Кубратово',769),(8686,'с. Кътина',769),(8687,'с. Локорско',769),(8688,'с. Мало Бучино',769),(8689,'с. Мировяне',769),(8690,'с. Мърчаево',769),(8691,'с. Негован',769),(8692,'гр. Нови Искър',769),(8693,'с. Панчарево',769),(8694,'с. Плана',769),(8695,'с. Подгумер',769),(8696,'с. Световрачене',769),(8697,'гр. София',769),(8698,'с. Яна',769),(8699,'с. Братя Даскалови',770),(8700,'с. Верен',770),(8701,'с. Голям дол',770),(8702,'с. Горно Белево',770),(8703,'с. Горно ново село',770),(8704,'с. Гранит',770),(8705,'с. Колю Мариново',770),(8706,'с. Малко Дряново',770),(8707,'с. Малък дол',770),(8708,'с. Найденово',770),(8709,'с. Опълченец',770),(8710,'с. Оризово',770),(8711,'с. Партизанин',770),(8712,'с. Плодовитово',770),(8713,'с. Православ',770),(8714,'с. Славянин',770),(8715,'с. Сърневец',770),(8716,'с. Брестова',771),(8717,'гр. Гурково',771),(8718,'с. Жерговец',771),(8719,'с. Жълтопоп',771),(8720,'с. Златирът',771),(8721,'с. Лява река',771),(8722,'с. Паничерево',771),(8723,'с. Пчелиново',771),(8724,'гр. Гълъбово',772),(8725,'с. Искрица',772),(8726,'с. Медникарово',772),(8727,'с. Обручище',772),(8728,'с. Помощник',772),(8729,'с. Бузовград',773),(8730,'с. Голямо Дряново',773),(8731,'с. Горно Изворово',773),(8732,'с. Горно Черковище',773),(8733,'с. Долно изворово',773),(8734,'с. Енина',773),(8735,'гр. Казанлък',773),(8736,'с. Копринка',773),(8737,'гр. Крън',773),(8738,'с. Кънчево',773),(8739,'с. Овощник',773),(8740,'с. Ръжена',773),(8741,'с. Средногорово',773),(8742,'с. Черганово',773),(8743,'с. Шейново',773),(8744,'гр. Шипка',773),(8745,'с. Борущица',774),(8746,'с. Бънзарето',774),(8747,'с. Дъбово',807),(8748,'с. Държавен',774),(8749,'гр. Мъглиж',774),(8750,'с. Радунци',774),(8751,'с. Сливито',774),(8752,'с. Тулово',774),(8753,'с. Шаново',774),(8754,'с. Юлиево',774),(8755,'с. Яворовец',774),(8756,'с. Ягода',774),(8757,'с. Едрево',775),(8758,'с. Елхово',779),(8759,'гр. Николаево',775),(8760,'с. Бяло поле',776),(8761,'с. Княжевско',776),(8762,'с. Кравино',776),(8763,'с. Опан',776),(8764,'с. Пъстрен',776),(8765,'с. Тракия',776),(8766,'с. Асен',777),(8767,'с. Виден',777),(8768,'с. Габарево',777),(8769,'с. Горно Сахране',777),(8770,'с. Долно Сахране',777),(8771,'с. Манолово',777),(8772,'с. Осетеново',777),(8773,'гр. Павел баня',777),(8774,'с. Турия',777),(8775,'с. Тъжа',777),(8776,'с. Търничени',777),(8777,'с. Бели бряг',778),(8778,'с. Боздуганово',778),(8779,'с. Гледачево',778),(8780,'с. Даскал',778),(8781,'с. Атанасово',778),(8782,'с. Диня',778),(8783,'с. Землен',778),(8784,'с. Знаменосец',778),(8785,'с. Ковач',778),(8786,'с. Константиновец',778),(8787,'с. Маца',778),(8788,'с. Полски Градец',778),(8789,'гр. Раднево',778),(8790,'с. Рисиманово',778),(8791,'с. Свободен',778),(8792,'с. Тихомирово',778),(8793,'с. Тополяне',778),(8794,'с. Трънково',808),(8795,'с. Арнаутито',779),(8796,'с. Богомилово',779),(8797,'с. Борилово',779),(8798,'с. Братя Кунчеви',779),(8799,'с. Бъдеще',779),(8800,'с. Воденичарово',779),(8801,'с. Горно Ботево',779),(8802,'с. Дълбоки',779),(8803,'с. Еленино',779),(8804,'с. Загоре',779),(8805,'с. Змейово',779),(8806,'с. Казанка',779),(8807,'с. Калитиново',779),(8808,'с. Калояновец',779),(8809,'с. Кирилово',808),(8810,'с. Колена',779),(8811,'с. Ловец',799),(8812,'с. Люляк',779),(8813,'с. Маджерито',779),(8814,'с. Малка Верея',779),(8815,'с. Малко Кадиево',779),(8816,'с. Могила',810),(8817,'с. Оряховица',779),(8818,'с. Памукчии',803),(8819,'с. Плоска могила',779),(8820,'с. Преславен',779),(8821,'с. Пшеничево',779),(8822,'с. Пъстрово',779),(8823,'с. Руманя',779),(8824,'с. Сладък кладенец',779),(8825,'гр. Стара Загора',779),(8826,'с. Старозагорски бани',779),(8827,'с. Сулица',779),(8828,'с. Хан Аспарухово',779),(8829,'с. Християново',779),(8830,'с. Хрищени',779),(8831,'с. Воловарово',780),(8832,'с. Гита',780),(8833,'с. Димитриево',780),(8834,'с. Държава',780),(8835,'с. Златна ливада',780),(8836,'с. Малко Тръново',780),(8837,'с. Могилово',780),(8838,'с. Осларка',780),(8839,'с. Рупките',780),(8840,'с. Средно градище',780),(8841,'с. Стоян',780),(8842,'с. Заимово',780),(8843,'с. Целина',780),(8844,'гр. Чирпан',780),(8845,'с. Яздач',780),(8846,'гр. Антоново',781),(8847,'с. Банковец',781),(8848,'с. Богомолско',781),(8849,'с. Букак',781),(8850,'с. Великовци',781),(8851,'с. Вельово',781),(8852,'с. Глашатай',781),(8853,'с. Голямо Доляне',781),(8854,'с. Горна Златица',781),(8855,'с. Градинка',781),(8856,'с. Греевци',781),(8857,'с. Девино',781),(8858,'с. Длъжка поляна',781),(8859,'с. Долна Златица',781),(8860,'с. Дъбравица',781),(8861,'с. Калнище',781),(8862,'с. Капище',781),(8863,'с. Китино',781),(8864,'с. Коноп',781),(8865,'с. Крайполе',781),(8866,'с. Крушолак',781),(8867,'с. Къпинец',781),(8868,'с. Кьосевци',781),(8869,'с. Любичево',781),(8870,'с. Малка Черковна',781),(8871,'с. Малоградец',781),(8872,'с. Манушевци',781),(8873,'с. Мечово',781),(8874,'с. Милино',781),(8875,'с. Моравка',781),(8876,'с. Орач',781),(8877,'с. Пиринец',781),(8878,'с. Присойна',781),(8879,'с. Пчелно',781),(8880,'с. Равно село',781),(8881,'с. Разделци',781),(8882,'с. Свирчово',781),(8883,'с. Свободица',781),(8884,'с. Семерци',781),(8885,'с. Слънчовец',781),(8886,'с. Стара речка',781),(8887,'с. Старчище',781),(8888,'с. Стеврек',781),(8889,'с. Стойново',781),(8890,'с. Стройновци',781),(8891,'с. Таймище',781),(8892,'с. Тиховец',781),(8893,'с. Трескавец',781),(8894,'с. Халваджийско',781),(8895,'с. Чеканци',781),(8896,'с. Черна вода',781),(8897,'с. Черни бряг',781),(8898,'с. Шишковица',781),(8899,'с. Язовец',781),(8900,'с. Яребично',781),(8901,'с. Ястребино',781),(8902,'с. Беломорци',782),(8903,'с. Българаново',782),(8904,'с. Величка',782),(8905,'с. Веренци',782),(8906,'с. Висок',782),(8907,'с. Врани кон',782),(8908,'с. Голямо църквище',782),(8909,'с. Горна Хубавка',782),(8910,'с. Горно Козарево',782),(8911,'с. Горно Новково',782),(8912,'с. Горско село',782),(8913,'с. Долна Хубавка',782),(8914,'с. Долно Козарево',782),(8915,'с. Долно Новково',782),(8916,'с. Железари',787),(8917,'с. Зелена морава',782),(8918,'с. Змейно',782),(8919,'с. Илийно',782),(8920,'с. Камбурово',782),(8921,'с. Кестеново',782),(8922,'с. Козма презвитер',782),(8923,'с. Красноселци',782),(8924,'с. Могилец',782),(8925,'с. Обител',782),(8926,'гр. Омуртаг',782),(8927,'с. Панайот Хитово',782),(8928,'с. Паничино',782),(8929,'с. Петрино',782),(8930,'с. Плъстина',782),(8931,'с. Птичево',782),(8932,'с. Пъдарино',782),(8933,'с. Първан',782),(8934,'с. Рътлина',782),(8935,'с. Станец',782),(8936,'с. Тъпчилещово',782),(8937,'с. Угледно',782),(8938,'с. Церовище',782),(8939,'с. Чернокапци',782),(8940,'с. Голямо градище',783),(8941,'с. Горско Абланово',783),(8942,'с. Гърчиново',783),(8943,'с. Крепча',783),(8944,'с. Люблен',783),(8945,'гр. Опака',783),(8946,'с. Баба Тонка',784),(8947,'с. Берковски',784),(8948,'с. Бракница',784),(8949,'с. Гагово',784),(8950,'с. Глогинка',784),(8951,'с. Долна Кабда',784),(8952,'с. Дриново',784),(8953,'с. Заветно',784),(8954,'с. Зараево',784),(8955,'с. Ковачевец',784),(8956,'с. Конак',784),(8957,'с. Ломци',784),(8958,'с. Манастирица',784),(8959,'с. Марчино',784),(8960,'с. Медовина',784),(8961,'с. Паламарца',784),(8962,'с. Помощица',784),(8963,'гр. Попово',784),(8964,'с. Посабина',784),(8965,'с. Садина',784),(8966,'с. Славяново',795),(8967,'с. Тръстика',784),(8968,'с. Алваново',785),(8969,'с. Баячево',785),(8970,'с. Божурка',785),(8971,'с. Буховци',785),(8972,'с. Вардун',785),(8973,'с. Голямо ново',785),(8974,'с. Голямо Соколово',785),(8975,'с. Горна Кабда',785),(8976,'с. Драгановец',785),(8977,'с. Дралфа',785),(8978,'с. Дългач',785),(8979,'с. Копрец',785),(8980,'с. Кошничари',785),(8981,'с. Кралево',793),(8982,'с. Кръшно',785),(8983,'с. Лиляк',785),(8984,'с. Макариополско',785),(8985,'с. Маково',785),(8986,'с. Мировец',785),(8987,'с. Момино',796),(8988,'с. Надарево',785),(8989,'с. Острец',785),(8990,'с. Пайдушко',785),(8991,'с. Певец',785),(8992,'с. Подгорица',785),(8993,'с. Преселец',785),(8994,'с. Пресиян',785),(8995,'с. Пресяк',785),(8996,'с. Пробуда',785),(8997,'с. Пролаз',785),(8998,'с. Росина',785),(8999,'с. Руец',785),(9000,'с. Твърдинци',785),(9001,'гр. Търговище',785),(9002,'с. Търновца',785),(9003,'с. Цветница',785),(9004,'с. Бодрово',786),(9005,'с. Брод',786),(9006,'с. Бряст',786),(9007,'с. Великан',786),(9008,'с. Голямо Асеново',786),(9009,'гр. Димитровград',786),(9010,'с. Длъгнево',786),(9011,'с. Добрич',808),(9012,'с. Долно Белево',786),(9013,'с. Златополе',786),(9014,'с. Каснаково',786),(9015,'с. Крепост',786),(9016,'с. Крум',786),(9017,'с. Малко Асеново',786),(9018,'гр. Меричлери',786),(9019,'с. Радиево',786),(9020,'с. Райново',786),(9021,'с. Сталево',786),(9022,'с. Странско',786),(9023,'с. Бели дол',787),(9024,'с. Белополци',787),(9025,'с. Белополяне',787),(9026,'с. Ботурче',787),(9027,'с. Брусино',787),(9028,'с. Бубино',787),(9029,'с. Бялградец',787),(9030,'с. Ветрушка',787),(9031,'с. Вис',787),(9032,'с. Глумово',787),(9033,'с. Гнездаре',787),(9034,'с. Горно Луково',787),(9035,'с. Горноселци',787),(9036,'с. Горско',787),(9037,'с. Гугутка',787),(9038,'с. Долно Луково',787),(9039,'с. Долноселци',787),(9040,'с. Драбишна',787),(9041,'с. Железино',787),(9042,'гр. Ивайловград',787),(9043,'с. Казак',787),(9044,'с. Камилски дол',787),(9045,'с. Карловско',787),(9046,'с. Кобилино',787),(9047,'с. Кондово',787),(9048,'с. Конници',787),(9049,'с. Костилково',787),(9050,'с. Ламбух',787),(9051,'с. Ленско',787),(9052,'с. Мандрица',787),(9053,'с. Меден бук',787),(9054,'с. Нова ливада',787),(9055,'с. Орешино',787),(9056,'с. Пашкул',787),(9057,'с. Планинец',787),(9058,'с. Плевун',787),(9059,'с. Покрован',787),(9060,'с. Попско',787),(9061,'с. Пъстроок',787),(9062,'с. Сборино',787),(9063,'с. Свирачи',787),(9064,'с. Сив кладенец',787),(9065,'с. Соколенци',787),(9066,'с. Хухла',787),(9067,'с. Черни рид',787),(9068,'с. Черничино',787),(9069,'с. Чучулига',787),(9070,'с. Васково',788),(9071,'с. Вълче поле',788),(9072,'с. Георги Добрево',788),(9073,'с. Дъбовец',788),(9074,'с. Йерусалимово',788),(9075,'гр. Любимец',788),(9076,'с. Малко градище',788),(9077,'с. Оряхово',788),(9078,'с. Бориславци',789),(9079,'с. Брусевци',789),(9080,'с. Голяма долина',789),(9081,'с. Горни Главанак',789),(9082,'с. Горно поле',789),(9083,'с. Долни Главанак',789),(9084,'с. Долно Съдиево',789),(9085,'с. Ефрем',789),(9086,'с. Златоустово',789),(9087,'гр. Маджарово',789),(9088,'с. Малки Воден',789),(9089,'с. Малко Брягово',789),(9090,'с. Малко Попово',789),(9091,'с. Румелия',789),(9092,'с. Ръженово',789),(9093,'с. Селска поляна',789),(9094,'с. Сеноклас',789),(9095,'с. Ангел войвода',790),(9096,'с. Боян Ботево',790),(9097,'с. Винево',790),(9098,'с. Караманци',790),(9099,'с. Колец',790),(9100,'с. Минерални бани',790),(9101,'с. Спахиево',790),(9102,'с. Сусам',790),(9103,'с. Сърница',790),(9104,'с. Варник',791),(9105,'с. Генералово',791),(9106,'с. Дервишка могила',791),(9107,'с. Димитровче',791),(9108,'с. Капитан Андреево',791),(9109,'с. Костур',791),(9110,'с. Левка',791),(9111,'с. Лисово',791),(9112,'с. Маточина',791),(9113,'с. Мезек',791),(9114,'с. Младиново',791),(9115,'с. Момково',791),(9116,'с. Мустрак',791),(9117,'с. Пашово',791),(9118,'с. Пъстрогор',791),(9119,'с. Райкова могила',791),(9120,'гр. Свиленград',791),(9121,'с. Сива река',791),(9122,'с. Сладун',791),(9123,'с. Чернодъб',791),(9124,'с. Щит',791),(9125,'с. Навъсен',792),(9126,'с. Пясъчево',792),(9127,'с. Свирково',792),(9128,'гр. Симеоновград',792),(9129,'с. Троян',792),(9130,'с. Балкан',793),(9131,'с. Воденци',793),(9132,'с. Войводенец',793),(9133,'с. Гледка',793),(9134,'с. Голобрадово',793),(9135,'с. Долно Ботево',793),(9136,'с. Долно поле',793),(9137,'с. Долно Черковище',793),(9138,'с. Жълти бряг',793),(9139,'с. Зимовина',793),(9140,'с. Кладенец',806),(9141,'с. Лясковец',793),(9142,'с. Маджари',793),(9143,'с. Поповец',793),(9144,'с. Пчелари',793),(9145,'с. Пътниково',793),(9146,'с. Рабово',793),(9147,'с. Силен',793),(9148,'с. Царева поляна',793),(9149,'с. Българска поляна',794),(9150,'с. Доброселец',794),(9151,'с. Каменна река',794),(9152,'с. Капитан Петко войвода',794),(9153,'с. Княжево',794),(9154,'с. Орешник',794),(9155,'с. Орлов дол',794),(9156,'с. Планиново',794),(9157,'с. Присадец',794),(9158,'с. Радовец',794),(9159,'с. Сакарци',794),(9160,'с. Синапово',794),(9161,'с. Срем',794),(9162,'гр. Тополовград',794),(9163,'с. Устрем',794),(9164,'с. Хлябово',794),(9165,'с. Чукарово',794),(9166,'с. Бисер',795),(9167,'с. Богомил',795),(9168,'с. Болярски извор',795),(9169,'с. Браница',795),(9170,'с. Българин',795),(9171,'с. Доситеево',795),(9172,'с. Дрипчево',795),(9173,'с. Лешниково',795),(9174,'с. Надежден',795),(9175,'с. Остър камък',795),(9176,'с. Преславец',795),(9177,'с. Рогозиново',795),(9178,'с. Смирненци',795),(9179,'гр. Харманли',795),(9180,'с. Черепово',795),(9181,'с. Шишманово',795),(9182,'с. Въгларово',796),(9183,'с. Гарваново',796),(9184,'с. Големанци',796),(9185,'с. Горно Войводино',796),(9186,'с. Динево',796),(9187,'с. Долно Войводино',796),(9188,'с. Долно Големанци',796),(9189,'с. Елена',796),(9190,'с. Клокотница',796),(9191,'с. Книжовник',796),(9192,'с. Козлец',796),(9193,'с. Корен',796),(9194,'с. Криво поле',796),(9195,'с. Мандра',796),(9196,'с. Маслиново',796),(9197,'с. Нова Надежда',796),(9198,'с. Подкрепа',796),(9199,'с. Родопи',796),(9200,'с. Стамболийски',796),(9201,'с. Стойково',796),(9202,'с. Текето',796),(9203,'с. Тракиец',796),(9204,'с. Узунджово',796),(9205,'гр. Хасково',796),(9206,'с. Широка поляна',796),(9207,'гр. Велики Преслав',797),(9208,'с. Драгоево',797),(9209,'с. Златар',797),(9210,'с. Имренчево',797),(9211,'с. Кочово',797),(9212,'с. Мостич',797),(9213,'с. Осмар',797),(9214,'с. Троица',797),(9215,'с. Хан Крум',797),(9216,'с. Борци',798),(9217,'с. Боян',798),(9218,'с. Буйновица',798),(9219,'с. Денница',807),(9220,'с. Дренци',798),(9221,'с. Капитан Петко',798),(9222,'с. Осеновец',798),(9223,'с. Страхилица',798),(9224,'с. Черноглавци',798),(9225,'с. Ясенково',798),(9226,'гр. Върбица',799),(9227,'с. Крайгорци',799),(9228,'с. Кьолмен',799),(9229,'с. Маломир',810),(9230,'с. Менгишево',799),(9231,'с. Нова бяла река',799),(9232,'с. Станянци',799),(9233,'с. Сушина',799),(9234,'с. Тушовица',799),(9235,'с. Браничево',800),(9236,'с. Гусла',800),(9237,'с. Загориче',800),(9238,'гр. Каолиново',800),(9239,'с. Лиси връх',800),(9240,'с. Лятно',800),(9241,'с. Наум',800),(9242,'с. Пристое',800),(9243,'с. Сини вир',800),(9244,'с. Средковец',800),(9245,'с. Тодор Икономово',800),(9246,'с. Тъкач',800),(9247,'с. Върбяне',801),(9248,'с. Златна нива',801),(9249,'гр. Каспичан',801),(9250,'с. Каспичан',801),(9251,'с. Кюлевча',801),(9252,'гр. Плиска',801),(9253,'с. Векилски',802),(9254,'с. Вълнари',802),(9255,'с. Красен дол',802),(9256,'с. Крива река',802),(9257,'с. Никола Козлево',802),(9258,'с. Ружица',807),(9259,'с. Цани Гинчево',802),(9260,'с. Беджене',803),(9261,'с. Войвода',803),(9262,'с. Жилино',803),(9263,'с. Зайчино ореше',803),(9264,'с. Избул',803),(9265,'с. Мировци',803),(9266,'гр. Нови пазар',803),(9267,'с. Правенци',803),(9268,'с. Преселка',803),(9269,'с. Сечище',803),(9270,'с. Стан',803),(9271,'с. Стоян Михайловски',803),(9272,'с. Тръница',803),(9273,'с. Бял бряг',804),(9274,'с. Веселиново',810),(9275,'с. Желъд',804),(9276,'с. Кълново',804),(9277,'с. Ново Янково',804),(9278,'с. Риш',804),(9279,'гр. Смядово',804),(9280,'с. Янково',804),(9281,'с. Байково',805),(9282,'с. Върбак',805),(9283,'с. Длъжко',805),(9284,'с. Добри Войниково',805),(9285,'с. Единаковци',805),(9286,'с. Звегор',805),(9287,'с. Калино',805),(9288,'с. Развигорово',805),(9289,'с. Сливак',805),(9290,'с. Становец',805),(9291,'с. Студеница',805),(9292,'с. Тервел',805),(9293,'с. Тимарево',805),(9294,'с. Трем',805),(9295,'с. Хитрино',805),(9296,'с. Белокопитово',806),(9297,'с. Васил Друмев',806),(9298,'с. Велино',806),(9299,'с. Ветрище',806),(9300,'с. Вехтово',806),(9301,'с. Дибич',806),(9302,'с. Друмево',806),(9303,'с. Ивански',806),(9304,'с. Илия Блъсково',806),(9305,'с. Коньовец',806),(9306,'с. Костена река',806),(9307,'с. Лозево',806),(9308,'с. Мадара',806),(9309,'с. Мараш',806),(9310,'с. Новосел',806),(9311,'с. Панайот Волово',806),(9312,'с. Радко Димитриево',806),(9313,'с. Салманово',806),(9314,'с. Средня',806),(9315,'с. Струино',806),(9316,'с. Царев брод',806),(9317,'с. Черенча',806),(9318,'гр. Шумен',806),(9319,'гр. Болярово',807),(9320,'с. Вълчи извор',807),(9321,'с. Голямо Крушево',807),(9322,'с. Горска поляна',807),(9323,'с. Златиница',807),(9324,'с. Камен връх',807),(9325,'с. Крайново',807),(9326,'с. Малко Шарково',807),(9327,'с. Мамарчево',807),(9328,'с. Оман',807),(9329,'с. Попово',807),(9330,'с. Стефан Караджово',807),(9331,'с. Странджа',807),(9332,'с. Шарково',807),(9333,'с. Вълча поляна',808),(9334,'с. Голям Дервент',808),(9335,'гр. Елхово',808),(9336,'с. Жребино',808),(9337,'с. Лалково',808),(9338,'с. Лесово',808),(9339,'с. Малко Кирилово',808),(9340,'с. Маломирово',808),(9341,'с. Малък манастир',808),(9342,'с. Мелница',808),(9343,'с. Пчела',808),(9344,'с. Стройно',808),(9345,'с. Чернозем',808),(9346,'с. Атолово',809),(9347,'с. Воденичане',809),(9348,'с. Войника',809),(9349,'с. Джинот',809),(9350,'с. Иречеково',809),(9351,'с. Леярово',809),(9352,'с. Маленово',809),(9353,'с. Недялско',809),(9354,'с. Палаузово',809),(9355,'с. Правдино',809),(9356,'с. Саранско',809),(9357,'гр. Стралджа',809),(9358,'с. Тамарино',809),(9359,'с. Чарда',809),(9360,'с. Болярско',810),(9361,'с. Бояджик',810),(9362,'с. Видинци',810),(9363,'с. Генерал Инзово',810),(9364,'с. Генерал Тошево',810),(9365,'с. Голям манастир',810),(9366,'с. Гълъбинци',810),(9367,'с. Дражево',810),(9368,'с. Драма',810),(9369,'с. Завой',810),(9370,'с. Златари',810),(9371,'с. Кабиле',810),(9372,'с. Калчево',810),(9373,'с. Козарево',810),(9374,'с. Коневец',810),(9375,'с. Кукорево',810),(9376,'с. Меден кладенец',810),(9377,'с. Межда',810),(9378,'с. Овчи кладенец',810),(9379,'с. Окоп',810),(9380,'с. Робово',810),(9381,'с. Роза',810),(9382,'с. Савино',810),(9383,'с. Симеоново',810),(9384,'с. Скалица',810),(9385,'с. Сламино',810),(9386,'с. Тенево',810),(9387,'с. Ханово',810),(9388,'с. Чарган',810),(9389,'с. Челник',810),(9390,'с. Антон',742),(9391,'с. Осеново',539),(9392,'с. Лесковец',646),(9393,'гр. Добрич',615),(9394,'с. Челопеч',767),(9395,'гр. Кричим',690),(9396,'гр. Перущица',695),(9397,'гр. Пловдив',697),(9398,'гр. Долна баня',748),(9399,'гр. Копривщица',755),(9400,'с. Чавдар',765),(9401,'гр. Ямбол',811);

/*Table structure for table `city_regions` */

DROP TABLE IF EXISTS `city_regions`;

CREATE TABLE `city_regions` (
  `id` smallint(5) unsigned NOT NULL AUTO_INCREMENT,
  `name` varchar(100) NOT NULL,
  `city_id` smallint(5) unsigned NOT NULL,
  PRIMARY KEY (`id`),
  KEY `city_id` (`city_id`),
  CONSTRAINT `city_regions_ibfk_1` FOREIGN KEY (`city_id`) REFERENCES `cities` (`id`) ON DELETE CASCADE ON UPDATE CASCADE
) ENGINE=InnoDB DEFAULT CHARSET=utf8;

/*Data for the table `city_regions` */

/*Table structure for table `communities` */

DROP TABLE IF EXISTS `communities`;

CREATE TABLE `communities` (
  `id` int(10) DEFAULT NULL,
  `name` varchar(600) DEFAULT NULL,
  `region_id` int(10) DEFAULT NULL
) ENGINE=InnoDB DEFAULT CHARSET=utf8;

/*Data for the table `communities` */

insert  into `communities`(`id`,`name`,`region_id`) values (539,'Банско',55),(540,'Белица',55),(541,'Благоевград',55),(542,'Гоце Делчев',55),(543,'Гърмен',55),(544,'Кресна',55),(545,'Петрич',55),(546,'Разлог',55),(547,'Сандански',55),(548,'Сатовча',55),(549,'Симитли',55),(550,'Струмяни',55),(551,'Хаджидимово',55),(552,'Якоруда',55),(553,'Айтос',56),(554,'Бургас',56),(555,'Камено',56),(556,'Карнобат',56),(557,'Малко Търново',56),(558,'Несебър',56),(559,'Поморие',56),(560,'Приморско',56),(561,'Руен',56),(562,'Созопол',56),(563,'Средец',56),(564,'Сунгурларе',56),(565,'Царево',56),(566,'Аврен',57),(567,'Аксаково',57),(568,'Белослав',57),(569,'Бяла',57),(570,'Варна',57),(571,'Ветрино',57),(572,'Вълчи дол',57),(573,'Девня',57),(574,'Долни чифлик',57),(575,'Дългопол',57),(576,'Провадия',57),(577,'Суворово',57),(578,'Велико Търново',58),(579,'Горна Оряховица',58),(580,'Елена',58),(581,'Златарица',58),(582,'Лясковец',58),(583,'Павликени',58),(584,'Полски Тръмбеш',58),(585,'Свищов',58),(586,'Стражица',58),(587,'Сухиндол',58),(588,'Белоградчик',59),(589,'Бойница',59),(590,'Брегово',59),(591,'Видин',59),(592,'Грамада',59),(593,'Димово',59),(594,'Кула',59),(595,'Макреш',59),(596,'Ново село',59),(597,'Ружинци',59),(598,'Чупрене',59),(599,'Борован',60),(600,'Бяла Слатина',60),(601,'Враца',60),(602,'Козлодуй',60),(603,'Криводол',60),(604,'Мездра',60),(605,'Мизия',60),(606,'Оряхово',60),(607,'Роман',60),(608,'Хайредин',60),(609,'Габрово',61),(610,'Дряново',61),(611,'Севлиево',61),(612,'Трявна',61),(613,'Балчик',62),(614,'Генерал Тошево',62),(615,'Добрич',62),(617,'Добрич селска',62),(618,'Каварна',62),(619,'Крушари',62),(620,'Тервел',62),(621,'Шабла',62),(622,'Ардино',63),(623,'Джебел',63),(624,'Кирково',63),(625,'Крумовград',63),(626,'Кърджали',63),(627,'Момчилград',63),(628,'Черноочене',63),(629,'Бобов дол',64),(630,'Бобошево',64),(631,'Дупница',64),(632,'Кочериново',64),(633,'Кюстендил',64),(634,'Невестино',64),(635,'Рила',64),(636,'Сапарева баня',64),(637,'Трекляно',64),(638,'Априлци',65),(639,'Летница',65),(640,'Ловеч',65),(641,'Луковит',65),(642,'Тетевен',65),(643,'Троян',65),(644,'Угърчин',65),(645,'Ябланица',65),(646,'Берковица',66),(647,'Бойчиновци',66),(648,'Брусарци',66),(649,'Вълчедръм',66),(650,'Вършец',66),(651,'Георги Дамяново',66),(652,'Лом',66),(653,'Медковец',66),(654,'Монтана',66),(655,'Чипровци',66),(656,'Якимово',66),(657,'Батак',67),(658,'Белово',67),(659,'Брацигово',67),(660,'Велинград',67),(661,'Лесичово',67),(662,'Пазарджик',67),(663,'Панагюрище',67),(664,'Пещера',67),(665,'Ракитово',67),(666,'Септември',67),(667,'Стрелча',67),(668,'Сърница',67),(669,'Брезник',68),(670,'Земен',68),(671,'Ковачевци',68),(672,'Перник',68),(673,'Радомир',68),(674,'Трън',68),(675,'Белене',69),(676,'Гулянци',69),(677,'Долна Митрополия',69),(678,'Долни Дъбник',69),(679,'Искър',69),(680,'Кнежа',69),(681,'Левски',69),(682,'Никопол',69),(683,'Плевен',69),(684,'Пордим',69),(685,'Червен бряг',69),(686,'Асеновград',70),(687,'Брезово',70),(688,'Калояново',70),(689,'Карлово',70),(690,'Кричим',70),(692,'Куклен',70),(693,'Лъки',70),(694,'Марица',70),(695,'Перущица',70),(697,'Пловдив',70),(699,'Първомай',70),(700,'Раковски',70),(701,'Родопи',70),(702,'Садово',70),(703,'Сопот',70),(704,'Стамболийски',70),(705,'Съединение',70),(706,'Хисаря',70),(707,'Завет',71),(708,'Исперих',71),(709,'Кубрат',71),(710,'Лозница',71),(711,'Разград',71),(712,'Самуил',71),(713,'Цар Калоян',71),(714,'Борово',72),(715,'Ветово',72),(716,'Две могили',72),(717,'Иваново',72),(718,'Русе',72),(719,'Сливо поле',72),(720,'Ценово',72),(721,'Алфатар',73),(722,'Главиница',73),(723,'Дулово',73),(724,'Кайнарджа',73),(725,'Силистра',73),(726,'Ситово',73),(727,'Тутракан',73),(728,'Котел',74),(729,'Нова Загора',74),(730,'Сливен',74),(731,'Твърдица',74),(732,'Баните',75),(733,'Борино',75),(734,'Девин',75),(735,'Доспат',75),(736,'Златоград',75),(737,'Мадан',75),(738,'Неделино',75),(739,'Рудозем',75),(740,'Смолян',75),(741,'Чепеларе',75),(742,'Антон',76),(744,'Божурище',76),(745,'Ботевград',76),(746,'Годеч',76),(747,'Горна Малина',76),(748,'Долна баня',76),(750,'Драгоман',76),(751,'Елин Пелин',76),(752,'Етрополе',76),(753,'Златица',76),(754,'Ихтиман',76),(755,'Копривщица',76),(757,'Костенец',76),(758,'Костинброд',76),(759,'Мирково',76),(760,'Пирдоп',76),(761,'Правец',76),(762,'Самоков',76),(763,'Своге',76),(764,'Сливница',76),(765,'Чавдар',76),(767,'Челопеч',76),(769,'Столична',77),(770,'Братя Даскалови',78),(771,'Гурково',78),(772,'Гълъбово',78),(773,'Казанлък',78),(774,'Мъглиж',78),(775,'Николаево',78),(776,'Опан',78),(777,'Павел баня',78),(778,'Раднево',78),(779,'Стара Загора',78),(780,'Чирпан',78),(781,'Антоново',79),(782,'Омуртаг',79),(783,'Опака',79),(784,'Попово',79),(785,'Търговище',79),(786,'Димитровград',80),(787,'Ивайловград',80),(788,'Любимец',80),(789,'Маджарово',80),(790,'Минерални бани',80),(791,'Свиленград',80),(792,'Симеоновград',80),(793,'Стамболово',80),(794,'Тополовград',80),(795,'Харманли',80),(796,'Хасково',80),(797,'Велики Преслав',81),(798,'Венец',81),(799,'Върбица',81),(800,'Каолиново',81),(801,'Каспичан',81),(802,'Никола Козлево',81),(803,'Нови пазар',81),(804,'Смядово',81),(805,'Хитрино',81),(806,'Шумен',81),(807,'Болярово',82),(808,'Елхово',82),(809,'Стралджа',82),(810,'Тунджа',82),(811,'Ямбол',82);

/*Table structure for table `facturi` */

DROP TABLE IF EXISTS `facturi`;

CREATE TABLE `facturi` (
  `id` int(10) unsigned NOT NULL AUTO_INCREMENT,
  `user_id` int(10) unsigned NOT NULL,
  `path` varchar(500) NOT NULL,
  PRIMARY KEY (`id`),
  KEY `user_id` (`user_id`),
  CONSTRAINT `facturi_ibfk_1` FOREIGN KEY (`user_id`) REFERENCES `users` (`id`) ON DELETE CASCADE ON UPDATE CASCADE
) ENGINE=InnoDB DEFAULT CHARSET=utf8;

/*Data for the table `facturi` */

/*Table structure for table `proformi` */

DROP TABLE IF EXISTS `proformi`;

CREATE TABLE `proformi` (
  `id` int(10) unsigned NOT NULL AUTO_INCREMENT,
  `user_id` int(10) unsigned NOT NULL,
  `date` date NOT NULL,
  `paid` tinyint(1) NOT NULL DEFAULT '0',
  PRIMARY KEY (`id`),
  KEY `user_id` (`user_id`),
  CONSTRAINT `proformi_ibfk_1` FOREIGN KEY (`user_id`) REFERENCES `users` (`id`) ON DELETE CASCADE ON UPDATE CASCADE
) ENGINE=InnoDB AUTO_INCREMENT=4 DEFAULT CHARSET=utf8;

/*Data for the table `proformi` */

insert  into `proformi`(`id`,`user_id`,`date`,`paid`) values (1,15,'2016-11-18',0),(2,3,'2016-11-18',0);

/*Table structure for table `regions` */

DROP TABLE IF EXISTS `regions`;

CREATE TABLE `regions` (
  `id` int(11) DEFAULT NULL,
  `name` varchar(768) DEFAULT NULL
) ENGINE=InnoDB DEFAULT CHARSET=utf8;

/*Data for the table `regions` */

insert  into `regions`(`id`,`name`) values (55,'Благоевград'),(56,'Бургас'),(57,'Варна'),(58,'Велико Търново'),(59,'Видин'),(60,'Враца'),(61,'Габрово'),(62,'Добрич'),(63,'Кърджали'),(64,'Кюстендил'),(65,'Ловеч'),(66,'Монтана'),(67,'Пазарджик'),(68,'Перник'),(69,'Плевен'),(70,'Пловдив'),(71,'Разград'),(72,'Русе'),(73,'Силистра'),(74,'Сливен'),(75,'Смолян'),(76,'София'),(77,'София (столица)'),(78,'Стара Загора'),(79,'Търговище'),(80,'Хасково'),(81,'Шумен'),(82,'Ямбол');

/*Table structure for table `settings` */

DROP TABLE IF EXISTS `settings`;

CREATE TABLE `settings` (
  `id` smallint(5) unsigned NOT NULL AUTO_INCREMENT,
  `name` varchar(100) DEFAULT NULL,
  `value` varchar(500) DEFAULT NULL,
  PRIMARY KEY (`id`)
) ENGINE=InnoDB AUTO_INCREMENT=8 DEFAULT CHARSET=utf8;

/*Data for the table `settings` */

insert  into `settings`(`id`,`name`,`value`) values (2,'company_name','Трим ВТ ЕООД'),(3,'bulstat','201553600'),(4,'dds','BG201553600'),(5,'mol','Бойко Байчев'),(6,'country','България'),(7,'address','В. Търново, ул. Константин Паница 3 Ж');

/*Table structure for table `tickets` */

DROP TABLE IF EXISTS `tickets`;

CREATE TABLE `tickets` (
  `id` int(10) unsigned NOT NULL AUTO_INCREMENT,
  `text` varchar(500) NOT NULL,
  `id_user` int(10) unsigned NOT NULL,
  `price` decimal(10,2) unsigned NOT NULL,
  `type` varchar(10) DEFAULT 'price',
  PRIMARY KEY (`id`),
  KEY `id_user` (`id_user`),
  CONSTRAINT `tickets_ibfk_1` FOREIGN KEY (`id_user`) REFERENCES `users` (`id`) ON DELETE CASCADE ON UPDATE CASCADE
) ENGINE=InnoDB AUTO_INCREMENT=65 DEFAULT CHARSET=utf8;

/*Data for the table `tickets` */

insert  into `tickets`(`id`,`text`,`id_user`,`price`,`type`) values (55,'мега',3,'4.00','price'),(61,'уни',3,'5.00','price'),(62,'ултра',3,'35.00','price'),(63,'свобода',3,'0.00','free'),(64,'втора свобода',3,'0.00','free');

/*Table structure for table `users` */

DROP TABLE IF EXISTS `users`;

CREATE TABLE `users` (
  `id` int(10) unsigned NOT NULL AUTO_INCREMENT,
  `username` varchar(100) NOT NULL,
  `password` varchar(100) NOT NULL,
  `address` varchar(200) DEFAULT NULL,
  `city_id` smallint(5) unsigned NOT NULL,
  `picture` varchar(250) DEFAULT NULL,
  `type` tinyint(1) NOT NULL DEFAULT '0' COMMENT '0-user, 1-company, 2-admin',
  `active` tinyint(1) NOT NULL DEFAULT '0' COMMENT '0-inactive, 1-active',
  `email` varchar(150) NOT NULL,
  `first_name` varchar(250) NOT NULL,
  `last_name` varchar(250) NOT NULL,
  `paid_until` date NOT NULL,
  `name` varchar(250) DEFAULT NULL,
  `map_link` varchar(500) DEFAULT NULL,
  `subscribed` tinyint(1) DEFAULT '0',
  `last_updated` datetime DEFAULT NULL,
  `place_name` varchar(200) DEFAULT NULL,
  `phone` varchar(20) DEFAULT NULL,
  `work_time` varchar(100) DEFAULT NULL,
  `description` varchar(1000) DEFAULT NULL,
  `cat_id` smallint(5) unsigned DEFAULT NULL,
  `bulstat` varchar(15) DEFAULT NULL,
  `dds` varchar(15) DEFAULT NULL,
  `mol` varchar(200) DEFAULT NULL,
  PRIMARY KEY (`id`),
  UNIQUE KEY `username` (`username`),
  UNIQUE KEY `email` (`email`),
  KEY `city_id` (`city_id`),
  KEY `cat_id` (`cat_id`),
  CONSTRAINT `users_ibfk_1` FOREIGN KEY (`city_id`) REFERENCES `cities` (`id`) ON DELETE CASCADE ON UPDATE CASCADE,
  CONSTRAINT `users_ibfk_2` FOREIGN KEY (`cat_id`) REFERENCES `categories` (`id`) ON DELETE CASCADE ON UPDATE CASCADE
) ENGINE=InnoDB AUTO_INCREMENT=22 DEFAULT CHARSET=utf8;

/*Data for the table `users` */

insert  into `users`(`id`,`username`,`password`,`address`,`city_id`,`picture`,`type`,`active`,`email`,`first_name`,`last_name`,`paid_until`,`name`,`map_link`,`subscribed`,`last_updated`,`place_name`,`phone`,`work_time`,`description`,`cat_id`,`bulstat`,`dds`,`mol`) values (1,'admin','$2y$13$YvET/L.tyx2AI5z8zKkQhO4022YYPyz/qFExz6fnHyegYSHU8JrrC','Баба Мота 6',5815,NULL,2,1,'test@test.bg','Шеф','Голем','0000-00-00',NULL,'http://www.bgmaps.com/link/map/7102B91A389CE50DF27B434D5A28F2A6',0,NULL,'Магазин Негованка',NULL,NULL,NULL,1,NULL,NULL,NULL),(2,'user','$2y$13$jNsGXbfIPCsM0wPfOQ/.geb6rws1GN1EfFiD.Wtdb/zOATmLIcIVK','',4824,NULL,0,0,'arso@abv.bg','Юзер','Прост','0000-00-00',NULL,'http://www.bgmaps.com/link/map/4CACD9F9E657D20A668CAE1DB72931BC',1,'2016-11-11 17:26:13','Магазин Негованка',NULL,NULL,NULL,1,NULL,NULL,NULL),(3,'some','$2y$13$e.l5dMG9ybzXwnMQ7UqnWuDBBP/ntcdMEKFHoEjJpTB03kZbYVVje','Негованка 40',4824,'Free-nature-wallpaper-autumn-leaves-and-straight-street-500x312.jpg',1,1,'some@some.bg','Първи','Търговец','2016-11-25','Тестова фирма','http://www.bgmaps.com/link/map/4CACD9F9E657D20A668CAE1DB72931BC',0,'2016-11-11 22:42:57','Магазин Негованка','','','',1,NULL,NULL,NULL),(8,'some2','$2y$13$Fla7FSeFGXU1mfFjt5iBFeUr1og88SIW/AdaKYEXBBXelCdeIO15W','Някъде там',4824,NULL,1,1,'2arso1@abv.bg','Трети','Търговец','2016-11-25','Тестова фирма 3',NULL,0,'2016-11-06 20:50:47','Магазин Негованка',NULL,NULL,NULL,1,NULL,NULL,NULL),(11,'some3','$2y$13$Fla7FSeFGXU1mfFjt5iBFeUr1og88SIW/AdaKYEXBBXelCdeIO15W','Някъде там',4824,NULL,1,0,'arso1@abv.bg','Трети','Търговец','2016-11-12','Тестова фирма 3',NULL,0,'2016-11-06 15:52:47','Магазин Негованка',NULL,NULL,NULL,1,NULL,NULL,NULL),(13,'some4','$2y$13$Fla7FSeFGXU1mfFjt5iBFeUr1og88SIW/AdaKYEXBBXelCdeIO15W','Някъде там',4824,NULL,1,0,'ars@abv.bg','Трети','Търговец','2016-11-12','Тестова фирма 3',NULL,0,'2016-11-05 20:52:47','Магазин Негованка',NULL,NULL,NULL,1,NULL,NULL,NULL),(14,'some5','$2y$13$Fla7FSeFGXU1mfFjt5iBFeUr1og88SIW/AdaKYEXBBXelCdeIO15W','Някъде там',4824,NULL,1,0,'arso2@abv.bg','Трети','Търговец','2016-11-12','Тестова фирма 3','http://www.bgmaps.com/link/map/FED510ADB2725A3971F2DD5D6377C6C3',0,NULL,'Магазин Негованка',NULL,NULL,NULL,1,NULL,NULL,NULL),(15,'some1','$2y$13$Fla7FSeFGXU1mfFjt5iBFeUr1og88SIW/AdaKYEXBBXelCdeIO15W','Някъде там',4824,'111111 001 (1).jpg',1,0,'arso3@abv.bg','Трети','Търговец','2016-11-12','Тестова фирма 3','',0,'2016-11-16 22:23:46','Магазин Негованка','','','',1,'15151515','BG1511515','Янко Генов'),(18,'some6','$2y$13$e.l5dMG9ybzXwnMQ7UqnWuDBBP/ntcdMEKFHoEjJpTB03kZbYVVje','Негованка 40',4824,'IMG_3696.jpg',1,1,'some6@some.bg','Първи','Търговец','2016-11-25','Тестова фирма','http://www.bgmaps.com/link/map/4CACD9F9E657D20A668CAE1DB72931BC',0,'2016-11-12 16:15:49','Магазин хотница','','','',1,NULL,NULL,NULL),(19,'some11','$2y$13$PXyfh6/s3e83seUyjZ6kb.9It4yWnTJA9Xk.oQ6bkNzH/v1nzjPEe','Някъде там',4824,NULL,1,0,'arso@abv.bgs','Втори','Търговец','2016-11-23','Тестов ЦПО за имейла!','',0,NULL,'Магазин хотница',NULL,NULL,NULL,1,NULL,NULL,NULL),(20,'some112','$2y$13$ZHU/jL2kbTWVl3G8W4w/0u/ecgG3kL2eJndrhtAT85PWITQMW513O','Някъде там',4824,NULL,1,0,'arso@abv.xn--bgs-sgd','Втори','Търговец','2016-11-23','Тестов ЦПО за имейла!',NULL,0,NULL,'Магазин хотница',NULL,NULL,NULL,1,NULL,NULL,NULL),(21,'some1123','$2y$13$8sQbkI2eypvszfNfqshvg.e5Ha0vF.liAjTOeJGH3HaJxDHRDdbYK','Някъде там',4824,NULL,1,0,'arso@abv.xn--x-1tb','Втори','Търговец','2016-11-23','Тестов ЦПО за имейла!',NULL,0,NULL,'Магазин хотница',NULL,NULL,NULL,1,NULL,NULL,NULL);

/*!40101 SET SQL_MODE=@OLD_SQL_MODE */;
/*!40014 SET FOREIGN_KEY_CHECKS=@OLD_FOREIGN_KEY_CHECKS */;
/*!40014 SET UNIQUE_CHECKS=@OLD_UNIQUE_CHECKS */;
/*!40111 SET SQL_NOTES=@OLD_SQL_NOTES */;
